index,vendor_name,address,postal_code,phone,city
1,INDEPENDENT SYSTEMS SERVICES/M...,8825 COLE STREET,M5A 2B7,,Toronto
2,1000026082 ONTARIO INC,1000 GERMAIN ST,N7S 2R5,,Sarnia
3,1000080025 ONTARIO INC,,L3Y 7P6,,Newmarket
4,1000863285 ONTARIO INC,117 DISCO RD,M9W 1K4,,Toronto
5,10797952 CANADA INC,196 HEADWIND BLVD,L4H 4C3,,Vaughan
6,117 DISCO ROAD INC.,117 DISCO RD,M9W 1K4,,Toronto
7,121 CARDEVCO LTD.,115 Idema Road,L3R 1B1,,Markham
8,16332561 CANADA INC,269 INNISCARRA GATE,L3X 3G6,,Newmarket
9,1758644 Ontario Inc,838066 4Th Line E.,L3Y 4Z1,,Newmarket
10,1817899 ONTARIO INC,13 KING ST N,L0L 1L0,,Innisfil
11,1967502 ONTARIO INC,214 NEWHOLME CIRCLE,L9S 1A8,,Innisfil
12,2012 AAA LEGIONAIRES,,,,
13,2302765 ONTARIO LTD,"GREAT CANADIAN FOOD TRU..., 1109 VETERANS W...",,,
14,24/7 VACUUM EXCAVATION LTD,1720 CONCESSION RD 8,L0G 1W0,,Adjala–Tosorontio
15,2711404 ONTARIO INC/DEK,370 BRITANNIA RD,K2B 7C7,,Ottawa
16,2783601 Ontario Incorporated,1989 Mumford Ct.,N6G 5L4,,London
17,360 ENGINEERING INC,17 BURNET ST,L6K 1A6,,Oakville
18,3D NETWORK TECHNOLOGY,"2101556 ONTARIO INC, 6-6150 HIGHWAY 7,",,,
19,3L2R INC,340 SHELDON DR UNIT A,,,
20,407 ETR,"6300 Steeles Ave.,",L4L 0J4,,Vaughan
21,4361814 Canada Inc.,842 York Mills Road,M3B 1Y2,,Toronto
22,441 CARLINGVIEW DRIVE INC.,115 Idema Road,L3R 1B1,,Markham
23,4REFUEL CANADA LP,"c/o T57323C, P O BOX 57323 STN",,,
24,5019018 Ontario Limited,"Po Box 41084, Rpo Woodgrove",,,
25,88 CONTRACTORS INC,12123 52 ST NW,T5W 3N2,,Edmonton
26,934091 Ontario Ltd.,171 Rosa Street,L9L 1L7,,Scugog
27,961945 ALBERTA LTD,"C/O SERVICE MASTER OF ED..., 12240-142 ST NW",,,
28,A & A METAL FABRICATION,127 LITTLELEAF DRIVE,M1B 1P6,,Toronto
29,A & M ELECTRICAL & CONSTRUCTION L...,P.O.BOX 29,,,
30,A .P.I. ALARM INC,"5775 YONGE STREET, SUITE 7...",,,
31,A C TESLA PES INC,2-3348 HARVESTER RD,L7N 3G7,,Burlington
32,A PLUS DRAINS/2273485 ONT INC,2140 HWY 2,K7L 5H6,,Kingston
33,A. Amar & Associates Ltd.,PO Box 71566,,,
34,A.G.POWER INC,PO BOX 24069 RPO JOSEPHINE,,,
35,A.G.POWER INC,351 EVERGREEN ROAD UNIT H,,,
36,AAF CANADA INC,"3233,RUE SARTEL ON",,,
37,AATEL COMMUNICATIONS INC,413 VICTORIA AVE N,L8L 5G4,,Hamilton
38,ABB INC/ABB UTILITY SERVICES,800 HYMUS BLVD,H4S 2G1,,Montréal
39,ABBLU ENTERPRISES/MICHAEL M HER...,125 SUNSET BLVD,N1S 1A9,,Cambridge
40,ABBOT ENVIROMENTAL LTD,445 MIDWEST RD,M1P 2X6,,Toronto
41,ABC FIRE DOOR TESTING MFG LTD,"ABC FIRE DOOR TESTING MA..., 920 LAKESHORE RI",,,
42,ABC MOBILE WELDING INC,7315 HWY 9,L7K 0A4,,Caledon
43,ABCO MOVING SERVICES INC,"120 MCLEVIN AVE, UNIT 4",,,
44,Able Lock Service Ltd.,676 Wilson Avenue,M3K 1E1,,Toronto
45,ABM FRANCHISING GROUP,PO BOX 419860,,,
46,ABM FRANCHISING GROUP,"LLC :TEGG SERVICE, 3000-501 TECHNOL",,,
47,ABN REFRIGERATION MANUFACTURING,"C/O PHT COOLING LTD, 625 ROWNTREE DA",,,
48,ABRAM REFRIGERATION AND SYSTEM...,1606 LONDON LINE,N7W 1B2,,Sarnia
49,ADVANCED FLOW SYSTEMS INC,43676 PROGRESS WAY,V2R 0C3,604-462-1514,CHILLIWACK
50,ADVANCED SAFETY & ENERGY,5055 PILGRIM RD,48507,810-238-8600,FLINT
51,AEONIANEDGE ELECTRICAL CORP,74 HEPSCOTT TERRACE,M1W 1E1,6477999055,SCARBOROUGH
52,Aerial Plus,4120 South Service Rd,L7L 4X6,905-333-9580,Burlington
53,AERODYNAMICS INSP CONS LTD,7-175 WEST BEAVER CREEK ...,L4B 3M1,905-625-4388,RICHMOND HILL
54,Aerodynamix Inc.,275 Cheltonwood Cr.,N2V 2A4,226-240-4577,Waterloo
55,AEVITAS INC,46 ADAMS BLVD,N3S 7V2,5197527646,BRANTFORD
56,AFC Heating,247 Carrier Drive unit 2,M9W 5Y9,(000)000-0000,Etobicoke
57,AGB(ATELIER GERARD BEAULIEU INC),164 MGR MARTIN EST STREET,E8A 1W1,506-235-2243,SAINT-QUENTIN
58,AGILIS NETWORKS/GREATER SUDBUR...,500 REGENT ST.,P3E 3Y2,705-675-0516,SUDBURY
59,AHT RESCUE,2601 MATHESON BOULEVARD...,L4W 5A8,905-602-1773,MISSISSAUGA
60,AINSWORTH INC,131 BERMONDSEY RD,M4A 1X4,(416)751-4420,TORONTO
61,AIR AUDIT INC,"110 TURNBULL CRT, UNIT 11",N1T 1K6,519-740-0871,CAMBRIDGE
62,AIR BALANCE GROUP INC,204 RIDGEWOOD RD,M1C 2X2,(416)417-2718,TORONTO
63,AIR CONDITION & MECHANICAL MAINT...,"141,2750- 3 AVENUE NE",T2A 2L5,403-291-3031,CALGARY
64,AIR EXCELLENCE HVAC SVCS INC,"AIR EXCELLENCE HVAC SERV..., PO BOX 32028, RPO ERINDALE",S7S 1N8,306-683-2030,SASKATOON
65,Air Heat Supplies,57 Crockford Blvd.,M1R 1Y1,416-755-9294,Toronto
66,AIR LIQUIDE CANADA INC,1700-1250 BOUL RENE-LEVES...,H3B 5E6,(905)793-2000,MONTREAL
67,AIR PLUS TESTING LIMITED,543 STEDDICK COURT,L5R 3T1,905-507-8078,MISSISSAUGA
68,Air Separation Technologies Inc.,3435 Landmark Road,L7M 1A8,905-821-8860,Burlington
69,AIR SYSTEMS INC,4240 DELEMERE CT,48073,289-549-1105,ROYAL OAK
70,AIR WISE SALES INC.,340 HATT STREET,L9H 2J1,905-823-5753,DUNDAS
71,AIREX INC,5 Sandhill Cour...,L6T 5J5,(905)790-3...,Brampton
72,AIRMAX INDUSTRIE...,950 ANDRE LINE,J2J 1E2,450-375-0501,GRANBY
73,AIRTECH SYNERGY...,104-1671 VIM...,K4A 3M3,613-828-1200,OTTAWA
74,AIRWASO CANADA ...,PO BOX 9014,K7V 3B3,519-652-4012,London
75,AIRY SERVICES INC,4885 Opeongo ...,K0A 3M0,(000)000-0...,Woodlawn
76,AJAX PUMP MOTO...,126 HUNT SR,L1S 1P5,905-683-7541,AJAX
77,ALAN BRUCE SILVER,1485 MIDDLE RD,K7L 4V3,,KINGSTON
78,ALARM PRO MUSK...,"PO BOX 68, 79 MANITOBA ...",P1L 1T5,(705)645-7...,BRACEBRI
79,ALBANY PUMP CO...,420 HARRY W...,L3Y 8P5,905-853-9005,NEWMARK
80,ALBION GOLF CARS,29 ADVANCE ...,M8Z 2S6,416-236-10...,TORONTO
81,ALCUMUS CONTRA...,500-111 QUEE...,M5C 1S2,1-855-640-...,TORONTO
82,ALDERWOOD SOFT...,,,,
83,ALDO MARTINI/100...,15 SOUTH KIN...,M8Y 2A2,416-677-6136,ETOBICOKE
84,ALECTRA UTILITIES...,"ATTN: TRISH ..., 2ND FLOOR,5...",L8R 3M8,(905)273-9...,HAMILTON
85,ALEJANDRO BUCHAN,14 JEAN DEM...,M1C 3C3,647-765-2698,SCARBOR
86,ALFA LAVAL INC,101 MILNER A...,M1S 4S6,416-299-6101,SCARBOR
87,ALGOOD CASTER I...,110 DELTA PA...,L6T 5E7,416-749-7743,BRAMPTON
88,All Canada Crane Re...,7213 Torbram ...,L4T 1G7,(905)795-1...,Mississauga
89,ALL CANADIAN WA...,523 BOWES RD,L4K 1J5,905-532-0456,CONCORD
90,ALL CUSTOM GASK...,"ALL CUSTOM ..., 355 WATLINE ...",L4Z 1P3,905-507-4580,MISSISSA
91,ALL ELECTRICALL I...,1-144 KING ST...,L8G 0A9,(905)930-8...,STONEY C
92,ALL ONTARIO STRI...,"2469632 ONTA..., 2414-125 WES...",M6K 3R8,437-973-2292,TORONTO
93,AIREX INC,5 Sandhill Court Unit C,L6T 5M3,(905)790-3242,Brampton
94,AIRMAX INDUS...,950 ANDRE LINE,J2J 2P9,450-375-0501,GRANBY
95,AIRTECH SYN...,104-1671 VIMONT CRT,K4A 4J4,613-828-1200,OTTAWA
96,AIRWASO CAN...,PO BOX 9014,K7V 3B3,519-652-4012,London
97,AIRY SERVICE...,4885 Opeongo Road,K0A 3M0,(000)000-0000,Woodlawn
98,AJAX PUMP M...,126 HUNT SR,L1S ...,905-683-7541,AJAX
99,ALAN BRUCE ...,1485 MIDDLE RD,K7L 5H6,,KINGSTON
100,ALARM PRO M...,"PO BOX 68, 79 MANIT...",P1L ...,(705)645-7000,BRACEBRIDGE
101,ALBANY PUMP...,420 HARRY WALKER PAR...,L3Y ...,905-853-9005,NEWMARKET
102,ALBION GOLF ...,29 ADVANCE ROAD,M8Z 2Z8,"416-236-1001, EXT 830",TORONTO
103,ALCUMUS CO...,500-111 QUEEN STREET E...,M5C ...,1-855-640-6949,TORONTO
104,ALDERWOOD ...,,,,Toronto
105,ALDO MARTINI...,15 SOUTH KINGSLEA DRIVE,M8Y 2K1,416-677-6136,ETOBICOKE
106,ALECTRA UTIL...,"ATTN: TRISH BAIRD, 2ND FLOO...",L8R ...,(905)273-9050,HAMILTON
107,ALEJANDRO B...,14 JEAN DEMPSEY GATE,M8Y 1R7,647-765-2698,SCARBOROUGH
108,ALFA LAVAL INC,101 MILNER AVENUE,M1S 2Z1,416-299-6101,SCARBOROUGH
109,ALGOOD CAST...,110 DELTA PARK BLVD,L6T 5T6,416-749-7743,BRAMPTON
110,All Canada Cra...,7213 Torbram Road,L4T 3W4,(905)795-1090,Mississauga
111,ALL CANADIAN...,523 BOWES RD,L4K 1Z1,905-532-0456,CONCORD
112,ALL CUSTOM ...,"ALL CUSTOM GASKET AN..., 355 WATLI...",L4Z ...,905-507-4580,MISSISSAUGA
113,ALL ELECTRIC...,1-144 KING ST W,L8G 1P3,(905)930-8999,STONEY CREEK
114,ALL ONTARIO ...,"2469632 ONTARIO CORP..., 2414-125 ...",M6K ...,437-973-2292,TORONTO
115,ALL SEASON G...,"C/O ALL SEASON GROUN..., 28 RENO...",M9A...,647-967-4453,ETOBICOKE
116,ALL STAR FIRE...,15-12 STEINWAY BLVD,M9W 3W7,416-213-1372,REXDALE
117,All Therm Servi...,#141-8528 Glenlyon Parkway,V5J 5H9,604-559-4331,Burnaby
118,ALLBRIGHT PA...,2099 HELMSLEY AVE,L6M 4S7,416-823-4457,OAKVILLE
119,Allgrade Bolt & ...,"335 Admiral Blvd, Unit 17",L5T 2N8,905-564-6392,Mississauga
120,ALLIANCE ELE...,4 PAGET RD UNIT 10-11,L6T 5W8,(905)793-1700,BRAMPTON
121,ALLIED ELECT...,"AR DEPT C/O TH0015, P O BOX 4...",M5W...,(613)228-1964,TORONTO
122,ALL-PRO DOO...,10 BROCKLEY DRIVE,L8E 3Y8,"905-561-4646, EXT 1012",HAMILTON
123,ALLSTATE GAS...,31 PROSPECT PLACE,11729,631-254-4050,DEER PARK
124,ALLSTREAM B...,5160 ORBITOR DR,L4W 4Z2,(800)361-1914,MISSISSAUGA
125,ALLSTREAM B...,5160 ORBITOR DR,L4W 4Z2,(800)361-1914,MISSISSAUGA
126,ALLSTREAM B...,"C/O T4622, PO BOX 4...",M5W...,(000)000-0000,TORONTO
127,ALLSTREAM B...,5160 ORBITOR DR,L4W 4Z2,(855)287-8737,MISSISSAUGA
128,ALLSTREAM B...,"ATTN: ACCOUNT RECEIV..., 200 WELLI...",M5V...,(877)663-2791,TORONTO
129,ALLSTREAM B...,"ATTN: ACCOUNT RECEIV..., 200 WELLI...",M5V...,(888)288-2273,TORONTO
130,Allstream Busin...,"C/O T4622, P.O. Box 4...",N0L 2P0,888-288-2273,Toronto
131,ALLVENT SOL...,561 Rogers Rd.,M6N 2B5,,Toronto
132,ALPHA CONTR...,"ALPHA CONTROLS & INS..., 361 STEEL...",L3R ...,905-477-2133,MARKHAM
133,ALTAPRO ELE...,13415 149 STREET,T5L ...,780-444-6510,EDMONTON
134,ALTEC INDUST...,831 NIPISSING RD,L9T 5B3,905-875-2000,MILTON
135,ALTRA CONST...,105 HEMPSTEAD DR,L8W 2E4,905-659-2577,HAMILTON
136,ALUMASAFWA...,"C/O LOCKBOX 310080, P.O.BOX 5...",T2P ...,226 663 8287,CALGARY
137,ALWAYS ON UPS SYSTEMS CANADA INC,1A-150 CAMPION ST,V1X 7T3,(250)491-9777,KELOWNA
138,ALYSSA JOHNSTONE,2819 CLARKESVILLE ST,L9S 2G3,705-718-5252,INNISFIL
139,ALYSSA REGALADO,1486 ESTES CRESCENT,L5V 2A8,647-822-7338,MISSISSAUGA
140,AMAC EQUIPMENT LIMITED,110 INDUSTRIAL ROAD,L4C 3E8,905-884-1423,RICHMOND HILL
141,AMANAH TECH INC,"1 YONGE ST, SUITE 404",M4N 2L2,(416)603-9825,TORONTO
142,AMARA POWDER COATING,173-1895 CLEMENTS ROAD,L1S 7G9,905-231-9694,PICKERING
143,AMBASSADOR MECHANICAL,715 MARION STREET,R2J 0K6,204-231-1094,WINNIPEG
144,AMBIENT DESIGNS MUSKOKA INC,1003 LONE PINE DRIVE,P0B 1L0,,BRACEBRIDGE
145,Ambient Mechanical Ltd,"191 Caldari Road, Unit 2",L4K ...,(905)738-1768,Concord
146,AMEX BANK OF CANADA,"PO BOX 4500, STN AGIN...",M1S ...,(888)721-1044,SCARBOROUGH
147,AMHERST CRANE RENTALS LTD,105 NANTUCKET BLVD,M1P 2L2,(416)752-2431,SCARBOROUGH
148,Amico Canada Inc.,"Po Box 9308, Station A",,905-335-4474,Toronto
149,"AMP Promatic Inc.,","279 Trowers Road, Unit 2",L4L 6...,(905)265-8114,Woodbridge
150,AMPRO ELECTRIC LTD,406 FIRST STREET,N5V 1Z5,519-439-9748,LONDON
151,AMPSTATE ELECTRIC CORPORATION,231 OAK PARK BLVD SUITE 301,L6H 7S8,1-877-780-4466,OAKVILLE
152,AMP-TECH ELECTRIC 2006 LTD,2895 HWY 320 D'ESCOUSSE,B0E 1K0,(902)226-3063,RICHMOND CO
153,Amre Supply Canada Inc.,5020 - 75 Street,T6E 6P2,416-412-7278,Edmonton
154,AM-TECH ELECTRICAL INC,2405P ST-LAURENT BOULEVARD,K1G ...,(613)722-4218,OTTAWA
155,Ancarr Industrial Fabrics Ltd.,17 Anderson Ave.,N5P 1Z5,519-631-4107,St. Thomas
156,ANGELO PAONE ELECTRIQUE INC,200-3600 RUE VALIQUETTE,H4S ...,514-334-0878,SAINT-LAURENT
157,ANIXTER CANADA INC.,"c/o T52646, P O BOX 4...",M5W...,(905)502-2299,TORONTO
158,ANIXTER CANADA REBATE AC 430781,"WESCO/ANIXTER CANADA, C/O T5264...",M5W...,(905)890-3344,TORONTO
159,ANIXTER POWER SOLUTIONS CANADA I...,"188 PURDY RD, PO BOX 399",K0K ...,(800)263-7738,COLBORNE
160,ANNEX MECHANICAL INSTALLATION,25 STUART AVE,L4M 7J3,(416)320-4818,BARRIE
161,ANSATEL COMMUNICATIONS (ONTARIO)...,PO BOX 59053 WESTWOOD MALL,L4T ...,(905)678-3333,MISSISSAUGA
162,Apex Automation Solutions,3-150 John Street,K1N 5A1,289-597-2739,Thornhill
163,APEX GLOBAL LOGISTICS INC,905-3700 STEELES AVENUE WEST,M9L 1C8,,WOODBRIDGE
164,APEX INVESTIGATION & SECURITY INC,391 OLIVER RD,P7B 2G3,807-344-8491,THUNDER BAY
165,APPLE ELECTRIC LTD,1690-R MAPLE ST,V9W ...,(250)830-0997,CAMPBELL RIVER
166,APPLIANCE CANADA-DIVISION OF LEON...,8701 JANE STREET # 1,L4K 1A4,905-660-2424,CONCORD
167,APPLIANCE CARE EXPERTS LTD,206 HEARTLAND AVENUE,T4C 0Y5,587-575-2023,COCHRANE
168,APPLIED ENERGY SYSTEMS INC,465 GARYRAY DR,L4L 4Y6,(905)660-4885,NORTH YORK
169,APPLIED INDUSTRIAL TECHNOLOGIES,124 OAKDALE ROAD,M3N 1W7,(519)686-2650,NORTH YORK
170,APPLIED MATERIAL SCIENCES,"C/O 11413694 CANADA INC, 1040 MAR...",M9W...,416-270-3950,TORONTO
171,APPLIED SYSTEMS TECH INC,"APPLIED SYSTEMS TECHNOLOGIES INC, 155 ROWN...",L4L 6...,905-850-7080,WOODBRIDGE
172,APTO CONNECT,200-12 RIVALDA RD,M9M 2T9,(416)401-0005,TORONTO
173,Apuntar Legal Services Prof Corp In Trust,,,,
174,AQUA DRAIN AND WATERWORKS INC,3396 SILVERADO DRIVE,L5A 3V9,647-771-3346,MISSISSAUGA
175,ARAMARK CANADA LTD,"5150 SPECTRUM WAY,SUITE 200",L4W 5N6,615-761-0627,MISSISSAUGA
176,Arc Angel Welding,"& Fabrication Corporation, 122 Howde...",,416-752-9353,Scarborough
177,ARC DIGITAL CANADA CORP/ARC DOCU...,5035 BERESFORD ST,V5H 3K5,905-264-1616,BURNABY
178,Arc N Cut,39 Greybeaver Trail,M1C 2Z2,416-801-4468,Scarborough
179,ARCASCENT INC,118 WAVERLEY ROAD,M4L 3S6,416-471-2442,TORONTO
180,ARCH INSURANCE,"PO BOX 57114,STAA",M5W...,888-999-1386,TORONTO
181,ARCHIE JOHNSTONE PLUMBING,113 GAVA PLACE,V9T 1W2,250-754-2232,NANAIMO
182,ARCHMILL HOUSE INC,65 BITTERN ST,L9G 0E8,905-648-7330,HAMILTON
183,ARCRITE NORTHERN LTD,105 PLATINUM RD,Y1A 2W6,(867)668-3053,WHITEHORSE
184,ARDEA TECHNOLOGIES INC,536 IMPERIAL RD N,N1H 1G4,888-812-7332,GUELPH
185,ARIAN YANSON,"BLOCK 2 LOT 4 KATIMPIAN ST, KARANGA...",,+63 611168615,PHILIPPINES
186,Ariba Networks,210 Sixth Avenue,15222,,Pittsburg
187,ARMOR REBAR INC,70 REAGENS INDUSTRIAL PARKWAY,L3Z 0C1,416-678-0860,BRADFORD
188,ARMSTRONG FLUID TECHNOLOGY,"C/O S.A ARMSTRONG LIMITED, 23 BERTR...",M1L ...,416-755-2291,TORONTO
189,Armstrong Monitoring,215 Colannade Road South,K2E 7J6,800-465-5777,Ottawa
190,ARTFORMS INTERNATIONAL INC,1-141 REACH ST,L9P 1Z8,(905)642-3225,UXBRIDGE
191,ASA ALLOYS INC,81 STEINWAY BLVD,M9W 6V6,416-213-0000,ETOBICOKE
192,A-SAFE CANADA INC,A12 1250 SOUTH SERVICE ROAD,L5G 2S5,289-253-7791,STONEY CREEK
193,Asb Heating Elements Ltd.,20 Bethridge Road,M9W 4X3,416-743-9977,Toronto
194,ASC ENTERPRISES INC,1780 CONNOLLY AVE,E2A 1Z2,506-548-5316,BATHURST
195,ASCO NUMATICS,"PO BOX 9237, STN A",M5W...,519-758-2700,TORONTO
196,ASHLEY BLACK,68 CALWELL DR,L9L 1H8,905-922-0497,PORT PERRY
197,Association Of Professional,101-40 Sheppard Avenue West,M3H 2T1,416-224-1100,Toronto
198,ASTERICK ENGINEERING CORPORATION,2263 Princess Street,K7M 3G4,(000)000-0000,Kingston
199,ASTLEY GILBERT LIMITED,42 CARNFORTH ROAD,M3A 1C3,416-288-8666,TORONTO
200,ATLAS APEX ROOFING INC,65 DISCO RD,M9W 5B1,(416)421-6244,ETOBICOKE
201,ATLAS COPCO COMPRESSORS CA/ENT...,5060 RUE LEVY,H4R 2N9,514-767-5363,ST-LAURENT
202,ATLAS ROLLING ENTRY SYSTEMS,"C/O 1018571 ONTARIO INC, 40 SOVER...",L4L 8...,905-264-1986,WOODBRIDGE
203,ATS CONTAINER SERVICES,5007 RUE IRWIN,H4E 2V6,"514-846-0270, EXT 305",LASALLE
204,AUDI FINANCE,300 - 4865 MARC-BLAIN,H4R ...,(888)412-2834,ST-LAURENT
205,AUDI UPTOWN /O/B DFC AUTO GROUP INC,259 LAKE SHORE BLVD EAST,M5A 3C4,416-603-9988,TORONTO
206,AURORA CHAMBER OF COMMERCE,6-14845 YONGE STREET SUITE 321,L4G 4J7,905-727-7262,AURORA
207,AURORA ELECTRIC SUPPLY CORP,4-226 INDUSTRIAL PKWY N,L4G 4C4,(905)503-3532,AURORA
208,"AUTO METAL CRAFT, INC",12741 CAPITAL STREET,48237,248-398-2240,OAK PARK
209,AUTODESK INC,"THE LANDMARK, ONE MAR...",94105,,SAN FRANCISCO
210,AUTOMATED LOGIC - CANADA LTD,PO BOX 57069 STN A,M5W...,(905)660-0878,TORONTO
211,AUTOMATED VARIABLES CONTROLS INC,133 SPENCER AVE,N0M 2J0,519-870-0421,LUCAN
212,AUTOMATIC SYSTEMS AMERICA INC,4005 MATTE BLVD LOCAL D,J4Y ...,800-263-6548,QUEBEC
213,"Automation Engineering Assoc.,",1600 The Queensway,M8Z 1V1,(416)255-9585,Etobicoke
214,AVENSYS SOLUTIONS INC,300 STINSON STREET,L8N 1H9,514-738-6766,SAINT-LAURENT
215,AVISON YOUNG VALUATION,"222 BAY STREET,SUITE 2500, BOX 245",M5K ...,647-524-7610,TORONTO
216,AVO DIAGNOSTIC SERVICES CANADA LI...,"C/O WEIDMANN ELECTRICAL TECHNOLOGY, UNIT 106,5...",L3R ...,802-375-4373,MARKHAM
217,AVONDALE FOODWORKS LTD,16-7070 BRAMALEA RD,L5S ...,(416)525-9711,MISSISSAUGA
218,"AVTRON POWER SOLUTIONS, LLC",9450 ALLEN DRIVE SUITE B,44125,216-573-7600,VALLEY VIEW
219,AWI MANUFACTURING INC,"3902 230TH STREET, P.O.BOX 909",5539...,320-485-2471,WINSTED
220,AYR WELDING 1977 LIMITED,406 HARMONY,L1G 2A9,519-632-7176,AYR
221,AZ ELECTRICAL SUPPLY,"C/O ANTHONY JEVORD ELLIS, 502-114 A...",L4N ...,705-241-2259,BARRIE
222,B & H AUTO,44 NICHOLSON CRES,L9X 0G8,705-737-7367,MINESING
223,B E LARKIN EQUIPMENT LIMITED,"PO BOX 5, 3769 STO...",L0H ...,(905)887-0802,GORMLEY
224,B J TWORZYANSKI LTD,1-7291 VICTORIA PARK AVE,L3R ...,(905)946-8686,MARKHAM
225,B&N Auto Body Ltd.,519 Brock St. N.,L1N 4H8,905-668-3220,Whitby
226,B.D.S. Welding And Fabricating,10 Waterside Street,K9V 4R1,705-928-5102,Lindsay
227,B.W. HAGGART CRANE RENTALS LTD,557 DIXON ROAD UNIT 123,M9V 3S5,647-350-8865,ETOBICOKE
228,Baby Point Lounge,343 Jane Street,M6S 3Z2,416-767-2623,Toronto
229,Bacharach Canada,20 Amber Court,L9L 1K2,905 470 8985,Markham
230,BACKFLOW T.O.INC.,2-214 GERRARD SREET EAST,M5A ...,647-639-5389,TORONTO
231,BACKSTREET CONCRETE INC/CONCRE...,350 HANLON CREEK BOULEVARD,N1C 1H3,519-572-2988,GUELPH
232,BADGER INFRASTRUCTURE SOLUTION ...,"ATCO TOWER 11, 4TH FLOOR,919 AVE SW",T2R ...,403-264-8500,CALGARY
233,BAGSHAW ELECTRIC LTD,BOX 1059,T0C 2L0,(403)742-2707,STETTLER
234,Bahnair of Canada Ltd,"147 Eddystone Ave.,",M3N 1K8,(416)743-8042,Downsview
235,BAKER HUGHES ENERGY SERVICES CA...,3905-71 AVE,T9E 0R8,1 904 309 3059,LEDUC
236,BALDWIN SOUND SYSTEMS CORP,"2700 DUFFERIN ST, UNIT 46",M6B 4J3,(416)481-5291,TORONTO
237,BARBIERI LOCK SERVICE INC,77 RICHMOND ST,L7K 0A4,647-409-7347,CALEDON
238,Bardon Supplies Limited,Po Box 1023,M4W 1A7,,Belleville
239,Barrie Hydro Distribution Inc.,"55 Patterson Road, Po Box 7000",,705-722-7222,Barrie
240,BARRIE KEMPETTES GYMNASTICS CLUB,,,,
241,BARRIE WELDING AND MACHINE,"Barrie Welding And Machine (1974) Ltd., 39 ANNE S...",L4N ...,705-726-1444,BARRIE
242,BASIC CONCRETE CUTTING INC,10-6101 NETHERHART RD,L5T ...,9056708142,MISSISSAUGA
243,BATTERY WHOLESALE (KIT.) LTD,320 LAWRENCE AVE,N2M 1Y4,(519)743-2087,KITCHENER
244,BATTLE RIVER ELECTRIC LTD,1330 - 10A STREET,T9W 1K5,(780)842-4485,WAINWRIGHT
245,BATTLEFIELD EQUIPMENT RENTALS - H...,P.O. BOX 9340 LCD 1,L8L 7...,(800)668-9461,HAMILTON
246,BAUS AUTOMATION INC,5052 PERTH COUNTY LINE 91RR2,N0G ...,519-504-9026,PALMERSTON
247,BAY STREET GROUP INC. IN TRUST,500-8300 WOODBINE AVE,L6C 1Y0,,MARKHAM
248,Bd Custom Manufacturing,1100 Bloo...,,547-848-0925,Bristol
249,BDI A DIVISION OF BELL MOBILITY INC.,PO BOX 4100 PO A,M9C ...,(866)535-0778,ETOBICOKE
250,BDI CANADA INC,52 BRAMSTEELE ROAD UNIT 1,L6W ...,905-459-5202,BRAMPTON
251,BEBER PROFESSIONAL CORPORATION,"390 BAY STREET, SUITE 2900",M5H 1W2,416-867-2285,TORONTO
252,BEC EQUIPMENT/BPT COMPONENTS & ...,1790 BONHILL ROAD,L5T 1A3,905-670-7667,MISSISSAUGA
253,BECKHOFF AUTOMATION LTD,4 SCHIEDEL COURT UNIT 1-3,N1R ...,"1-226-765-7700, EXT 110",CAMBRIDGE
254,BEEBE MECHANICAL SYSTEMS LTD,345 MAY STREET NORTH,P7C 3R9,807-623-4181,THUNDER BAY
255,BEECH ELECTRIC (2021) LTD,28 NORTH AVE,R8A 1J8,(204)687-6554,FLIN FLON
256,BELL CANADA (PO BOX 3650),"Customer Payment Center, P.O. Box 3...",M3C ...,(000)000-0000,Toronto
257,BELL CANADA (PO BOX 9000),"P.O. BOX 9000, Station Do...",M3C ...,(000)000-0000,North York
258,Bell Canada Customer Pymt Centre,Po Box 3650 Stn Don Mills,,877-877-2426,Toronto
259,BELL MOBILITY INC AC:509857841,P O BOX 5102,L7R ...,(000)000-0000,BURLINGTON
260,Bell Mobility Inc.,P.O. Box 5102,,,Burlington
261,BELL TECHNICAL SOLUTIONS,2000 ARGENTIA RD # 4,L5N 1W1,905-542-3977,MISSISSAUGA
262,BELL TEMPLE LLP in Trust,"BELL TEMPLE LLP, 1300-393 ...",M5G ...,(416)581-8214,TORONTO
263,BELLEMARE ABRASIVE & MINERAL /SDF...,8750 BOULEVARD INDUSTRIEL,G9A 5E1,819-379-4546,TROIS-RIVIERES
264,BELLVUE MANOR,8083 JANE STREET,L4K 5V5,416-801-8771,VAUGHAN
265,BELWOOD ELECTRIC LTD,PO BOX 568,L9W ...,(866)442-4429,GRAND VALLEY
266,BEN WORLD WIDE PRIVATE LIMITED,NO.54 SIRIPA ROAD,,011 2598 820,COLOMBO 05
267,BENCH MARK EQUIPMENT & SUPPLIES,UNIT # 2-3175 68 ST NW,T3B ...,587-842-1608,CALGARY
268,BENDER CANADA INC,1-5810 AMBLER DR,L4W ...,(905)602-9990,MISSISSAUGA
269,BENEDICT ELECTRICAL CONTRACTING ...,"398209, 28TH AVE E",N4K 5N8,(519)371-5611,OWEN SOUND
270,Benn Air Temp Supplies,"6 Bramsteele Rd., Unit #1",L6W ...,(905)450-4500,Brampton
271,BENTALL GREEN OAK LIMITED PARTNE...,,,(613)782-3872,
272,BERCON RENTALS INC,420 GRAYS ROAD,L8E 2Y9,905-560-5500,HAMILTON
273,BERGERON ELECTRIC LIMITED,3308 SECOND ST E,K6H 7L1,(613)932-9205,CORNWALL
274,BERKVENS ELECTRICAL,BOX 92 HEATHERTON,B0H ...,(902)386-2931,ANTIGONISH
275,BERNARDI BUILDING SUPPLY LTD,2235 ROYAL WINDSOR DR,L5J 1K5,(416)741-0941,MISSISSAUGA
276,Bert Thomas,"4801 Steeles Ave., W Unit 19",M6M 1B2,(416)748-9517,Weston
277,BESPOKE BUILDING ANALYTICS INC.,"10 OLD MILL TRAIL, SUITE 207",M8X 0A5,416-278-3208,ETOBICOKE
278,BEST SAFETY SERVICES INC,"50 DELTA PARK BLVD, UNIT # 8",L6T ...,(416)250-1999,BRAMPTON
279,BETTS ELECTRIC LTD,280 INDUSTRIAL AVE E,V2A 4Z4,250-492-3221,PENTICTON
280,BEX ENGINEERING LTD,5115 TIMBERLEA BLVD,L4W 2S5,905-238-8920,MISSISSAUGA
281,BEYOND SIGNS & DESIGN/OLGA RUDAK...,185 STRACHAN STREET,L1A 0E7,905-396-7374,PORT HOPE
282,BIBICO ELECTRIC INC,4-3348 HARVESTER RD,L7N 3G7,(905)331-3131,BURLINGTON
283,BIDDINGO.COM,305-1210 SHEPPARD AVE E,M2J 1X1,(416)756-0955,TORONTO
284,BIG ASS FANS,"BAFCO CANADA, COMPANY, 2180 WINS...",L6H ...,905-215-1218,OAKVILLE
285,BIG HILL ELECTRICAL SERVICES,"935660 ALBERTA LTD, BAY #5 30 ...",T4C ...,403-932-3377,COCHRANE
286,BIG MOUTH PROMOTIONS (BMP),17 RAE CRES,L3R 1Z9,(905)946-9500,UNIONVILLE
287,BIGSTEELBOX CORPORATION,1000-1631 DICKSON AVENUE,V1Y ...,1-800-373-1187,KELOWNA
288,BILL'S ELECTRIC SALES & SERVICE CO....,829 KIPLING AVE,M8Z 5H1,(416)239-2227,ETOBICOKE
289,BIM SERVICES INC,"330 5TH AVENUE SW, SUITE 1800",T2P ...,403-775-0013,CALGARY
290,BINGHAM CONTROLS LTD,1195 NORTHGATE CRES,L1G 4G7,905-725-8994,OSHAWA
291,BIRD INFRASTRUCTURE LTD,1201 NICHOLSON RD,L3Y 7B4,(905)954-1020,NEWMARKET
292,BISHOP REFRIGERATION HEATING,"BISHOP REFRIGERATION HEATING & COOLI..., 106 CENT...",K0E ...,613-328-9158,LYNDHURST
293,BLACK DIAMOND LIMITED PARTNERSHIP,"SUITE 1000, 440 2 AVE ...",T2P ...,(403)206-4747,CALGARY
294,Black Electric,121 Cardevco Road,K2T 0N2,(613) 738-0705,Carp
295,BLACKJACK HVAC LTD,2454 25TH ST.NE,V1E ...,403-978-7300,SALMON
296,BLACKLINE DRAFTING,"KEVIN SOWA, 1317 AMB...",L5H ...,(416)871-8793,MISSISSAUGA
297,BLANCHARD'S HEATING & COOLING LTD,"26 BROADWAY,PO BOX 792",A2H ...,709-634-5537,CORNER BROOK
298,BLANEY MCMURTRY LLP,"2 QUEEN STREET EAST, SUITE 1500",M4M 1K8,416-593-1221,Toronto
299,BLOCK ELECTRIC (1987) LTD,BOX 964 STN MAIN,T7S ...,780-204-0482,WHITECOURT
300,"BLUEBEAM,INC",443 S RAYMOND AVE,91105,626-788-4124,PASADENA
301,BMW Newmarket,87 Mulock Dr,L3Y 3N0,(416)367-4269,Newmarket
302,BOLDUC SOLUTION,"C/O ATELIER BOLDUC & FRERES INC, 3 AVENUE ...",G0N ...,888-478-3248,STE-CLOTILDE DE 
303,BOLTS PLUS INC,8800 GEORGE BOLTON PKWY,L7E 2X8,(905)857-4492,BOLTON
304,BOMA TORONTO (BLDG OWNERS & MG...,"BUILDING OWNERS & MANAGERS ASSOCIA..., OF THE G...",M5G ...,(416)596-8065,TORONTO
305,BONAIRSD INC,"100-6250, RUE ZAPHIRIN-PAQUET",G2C ...,418-522-3807,QUEBEC
306,BORDEN METAL PRODUCTS CA LTD,"50 DAYFOOT STREET, BOX 10",L0G ...,905-729-2229,BEETON
307,BORGFORD EQUIPMENT SERVICES INC,300 NOVA BEAUCAGE RD,P1B 8G5,705-492-3948,NORTH BAY
308,BORIN MANUFACTURING INC,"5741 BUCKINGHAM PARKWAY, SUITE B",90230,310-822-1000,CULVER CITY
309,BORMAN CONSTRUCTION,134 WESTON PL,N2J 4H7,519-577-5543,WATERLOO
310,BOSTICK AND BROWN ELECTRIC LTD,29 CANADA ST,E3A 4A0,506-304-0998,FREDERICTON
311,BOTHWELL ACCURATE CO INC,6675 REXWOOD RD,L4T 4E3,905-673-0615,MISSISSAUGA
312,BOUDREAU'S COSMETIC LANDSCAPING...,673A PINEROW CRES,N2T 2K8,519-573-0137,WATERLOO
313,BOUGHTON LAW CORPORATION,700-595 BURRARD STREET,V7X ...,604-687-6789,VANCOUVER
314,BOURNE'S ELECTRIC LTD/10668214 CAN...,64 FOREST ROAD,A1Y 1B3,(709)596-3985/709-589-...,CARBONEAR
315,BOXX MODULAR LP,"440-2ND AVENUE SW, SUITE 1000",T2P ...,403-206-4747,CALGARY
316,Boyle Combustion Ltd.,302 Reynolds Street,L1N 2J2,905-444-9717,Whitby
317,Brad Hutchinson Sales and Service Inc.,P.o. Box 187,L9V ...,705-375-3004,Shelburne
318,Bramham Bros Limited,"6 Six Points Road,",M8Z ...,(416)236-2338,Etobicoke
319,Bramkal Contractors Inc.,3450 Landmark Road,L7M 1A8,905-335-3399,Burlington
320,BRANDON HEATING & PLUMBING (1998) ...,328 PARK AVENUE EAST,R7A 7X0,204-728-0180,BRANDON
321,BRASS INC,13251 MARSH HILL RD,K0K 2B0,(905)985-9922,PORT PERRY
322,BRAUN ELECTRICAL SERVICES LTD,UNIT 110 7121-107 AVENUE SE,T2C 5N6,403-278-1447,CALGARY
323,BRAY CONTROLS CANADA LTD,3299 BOUL JEAN-BAPTISTE-DESCHAMPS,H4T 1X6,(514)344-2729,LACHINE
324,BREE-LINK PLUMBING & HEATING,13455 SHORELINE DRIVE,K1V 2A7,250-859-6778,LAKECOUNTRY
325,Brentwood Industries Limited,527 River Road,N3C 2T5,416-303-6043,Cambridge
326,BRIAN GROOT DRYWALL INC,3632 HOPE DRYWALL INC,K0L ...,7057418352,KEENE
327,BRIGHTWATER IRRIGATION & LIGHTING ...,128 CLEARWATER LAKE ROAD,P0B 1L0,705-788-5784,PORT SYDNEY
328,BRIKEN COATINGS INC,6420 KESTREL ROAD,L5T 1K8,905-564-9333,MISSISSAUGA
329,BRISTOL RENTALS LTD,8-15 REGAN RD,L7A 1C8,(905)453-8383,BRAMPTON
330,Brixon Manufacturing Company,3115 Mike ...,55121,800-528-2437,Eagan
331,BROCK AGGREGATES INC,401 BOWES RD,L4K 3M4,(416)798-7050,CONCORD
332,BROFORT INC,2161 THURSTON DR,K1G 4K7,613-746-8580,OTTAWA
333,Brookfield Properties PI Inc.,"5925 Airport Road, Unit 605",L4V 1C9,,Mississauga
334,BROOKLIN CONCRETE PRODUCTS,6760 BALDWIN ST N,L1M 1Y1,(800)655-3430,BROOKLIN
335,BROOKS ELECTRIC INC,BOX 1005,L5E 2L7,403 376 8658,BROOKS
336,BROSZ TECHNICAL SERVICES INC,1300 RODICK RD UNIT C,L3R 9T2,(905)472-6660,MARKHAM
337,BROWN BOOK COMPANY BBC LIMITED,65 CROCKFORD BLVD,M1R 1Y1,416-504-9696,TORONTO
338,BROWN'S FUELS,240 TORYORK DR,M9L 1C8,905-875-4800,NORTH YORK
339,BROWZ CANADA ULC,"T57335C, PO BOX 5...",M5W...,(877)716-9885,TORONTO
340,BROXBURN SHEET METAL,12 COULTON COURT,L1N 3V6,(416)209-6061,WHITBY
341,BRUNSWICK LIFT RENTAL LTD,581 FERDINAND BLVD,E1A 0N7,506-859-6199,DIEPPE
342,Bs&B Pressure Safety,"Management, LLC, PO Box 47...",,918-622-5950,Tulsa
343,BTH Sales,7342 Sideroad 12,N0G 2K0,519-638-3357,Moorefield
344,BUCHANAN ELECTRIC INC,368 DRISCOLL ST,C1N 6E8,902-432-3400,SUMMERSIDE
345,BUDGET PROPANE CORPORATION,1011 BEIERS RD,P1P ...,(888)405-7777,GRAVENHURST
346,BUHLER MECHANICAL SERVICE LTD,911 TUNGSTEN ST,P7B 6H2,807-344-1234,THUNDER BAY
347,BUILD RECRUITMENT INCORPORATED,2255B QUEEN ST E SUITE 250,M4E 1G3,416-948-5033,TORONTO
348,BUILT BEYOND DESIGN SYSTEMS INC,"110 PONY DIRVE, UNIT # 14",L3Y ...,416-684-1200,NEWMARKET
349,BURCHELL LIGHTNING PROTECTION LI...,52 INDUSTRIAL RD,K7H 2G7,(613)264-0456,PERTH
350,"BURGESS PLUMBING, HEATING AND EL...",36 BROADWAY AVE NORTH,V2G 4G4,250-392-3301,WILLIAMS LAKE
351,BURLINGTON COMPUTER CLINIC,681 WALKERS LINE,L7N 2R5,(905)317-5108,BURLINGTON
352,BURLINGTON HYDRO INC,1340 BRANT STREET,L7P 1H4,(905)332-1851,BURLINGTON
353,BURLMANN CONSTRUCTION INC,"19-13085 YONGE ST, STE 310",L4E ...,416-258-1940,RICHMOND HILL
354,BUSINESS FURNITURE SOLUTIONS CA I...,"4800 EASTGATE PARKWAY, UNIT 1",L4W 4K4,905-602-7900,MISSISSAUGA
355,Butts Pump & Motors Ltd,"525 Milner Ave., Unit # 3",M1B ...,(416)754-4300,Scarborough
356,C & C Printers,"298 Bridgeland Avenue, 2137198 O...",M8Y 3H8,,Toronto
357,C & E MECHANICAL INC,421 HIGH STREET WEST,S6J 1T9,306-693-6722,MOOSE JAW
358,C AND R AIR SYSTEMS INC,11-1734 ORANGEBROOK CRT,L1W ...,(905)428-9881,PICKERING
359,C ELECTRIQUE INC.,545 CURE-BOIVIN,J7G 1B9,(450)818-9100,BOISBRIAND
360,C J DUGUID FLOORING ON LTD,"C.J.DUGUID FLOORING (ONTARIO) LIMITED, 317 DON P...",L3R ...,416-491-0756,MARKHAM
361,C&C Hose And Fittings Supply,"1950 Ellesmere Rd., Unit 14",M1P 3C2,416-439-2315,Toronto
362,C.M.S ELECTRICAL GROUP LTD,"2721 MARKHAM ROAD, UNIT # 10",M1X ...,416-609-9992,SCARBOROUGH
363,C.W. Smith Crane Service Limited,91 Crockford Blvd. Unit #1,M1R 1Y1,416-751-2843,Scarborough
364,CABLE MASTER INC,561 PINDER AVE,L3X 1W1,(905)715-7303,NEWMARKET
365,CADD INTEGRATION,"CADD INTEGRATION CONSULTANTS INC, 70 EAST B...",L4B ...,905-882-7052,RICHMOND HILL
366,CADEL,1925 MEADOWVALE BLVD,L5N 7L2,(905)564-5880,MISSISSAUGA
367,CAESARS PAVING INC,120 WOODSTREAM BLVD,L4L 8C3,416-315-8079,WOODBRIDGE
368,CALEDON INSULATION LTD,181 Plains Road West,L7T 0B1,(416)984-4690,Burlington
369,CALGO CONSTRUCTION INC,128 CLAREMONT LANE,L4L 6T4,647-406-5377,WOODBRIDGE
370,CALIBER ENVIRONMENTAL CONSTRUCT...,7-636 EDWARD AVENUE,L4C 9W6,905-884-5500,RICHMOND HILL
371,CALLIDUS ENGINEERING INC,9-1385 NORTH ROUTLEDGE PARK,N6H ...,519-472-7640,LONDON
372,CAMBIUM INC,194 SOPHIA ST,K9H 1H1,1-866-217-7900,PETERBOROUGH
373,CAMBRIDGE MATERIALS TESTING LIMIT...,"1177 FRANKLIN BOULEVARD, UNIT # 21",N1R ...,519-621-6600,CAMBRIDGE
374,CAMINO MODULAR SYSTEMS INC,A-3190 ORLANDO DRIVE,L4V ...,416-675-2400,MISSISSAUGA
375,CAMM HEAVY MACHINERY MOVERS LTD,6622 BANK STREET,K4P 1N2,(613)822-2073,OTTAWA
376,CAMPSALL ELECTRIC (WALTHER CONTR),"883306 HIGHWAY 65, PO BOX 940",P0J ...,(705)647-4359,NEW LISKEARD
377,Camus Hydronics Ltd.,6226 Netherhart Rd,L5T 1A2,(905)696-7800,Mississauga
378,CANADA BLOWER CO LTD,355 GUELPH LINE,L7N 1H3,905-336-0060,BURLINGTON
379,CANADA CLEAN FUELS INC,4425 CHESSWOOD DRIVE,M3J 2R8,(416)521-9533,TORONTO
380,CANADA CONTROLS INC,"1020 Brevik Place, Unit 3",L4W 4N7,289-374-0052,Mississauga
381,CANADA DAMAGE RECOVERY,PO BOX 1943 STN A,M5W...,(877)719-8818,TORONTO
382,CANADA GLASS & MIRROR CO,155 BENTWORTH AVE,M6A 1V4,416-245-7032,TORONTO
383,CANADA PERFORATING INC,41 RUSSEL ST,L4A 4K1,905-991-0330,FORT ERIE
384,CANADA PLUMBING INC,981 LOLA STREET,K1L 5G2,"613-890-7700, EXT 2",OTTAWA
385,CANADA RUBBER GROUP INC,"405 LAKE ROAD, UNIT 3",L1C 4P8,905-725-9800,BOWMANVILLE
386,CANADA TRAINING GROUP,P O BOX 340,S0M ...,(800)661-1663,TURTLEFORD
387,CANADIAN BEARINGS LTD,1600 DREW RD,L5S 1V9,(905)670-6700,MISSISSAUGA
388,CANADIAN BLIND RIVET CORPORATION,449 ATTWELL DRIVE,L4V 1W9,416-740-1714,TORONTO
389,CANADIAN BUCKET TRUCKS,701 BROOK RD N,K9A 0R7,(905)396-5964,COBOURG
390,Canadian Commercial,"349 Bowes Rd., Unit 5-7",L4K 3M4,905-761-5914,Concord
391,CANADIAN CRANE,"CANADIAN CRANE & HOIST MANUFACTURIN..., 60 SAUND...",L4N ...,705-726-5951,BARRIE
392,CANADIAN CRANE RENTALS 2023 LTD,PO BOX 607,N0G ...,519-357-3721,WINGHAM
393,Canadian Credit Corporation,1200 Eglinton Ave E,M3C 3E5,,Toronto
394,CANADIAN CURTIS INC,"UNIT 104-105 ,380 MCNEILLY ROAD",L8E ...,"905-643-1977, EXT 337",STONEY CREEK
395,CANADIAN CUTTING AND CORING LIMIT...,77 WARD RD,L6S 0E7,(800)665-0705,BRAMPTON
396,CANADIAN DEALER LEASE SERVICES INC,"2601-250 YONGE ST, BOX 50",M5B ...,(888)703-8857,TORONTO
397,CANADIAN DOOR AUTOMATION INC,9-90 WINGES RD,L4L 8B7,(905)458-1332,VAUGHAN
398,CANADIAN FIRE PROTECTION INC,"237 FINCHDENE SQUARE, UNIT # 44",M1X ...,416-291-8075,SCARBOROUGH
399,CANADIAN FIRE PROTECTION SERVICE...,826-2255B QUEEN ST E,M4E ...,(416)686-9229,TORONTO
400,Canadian Hood & Duct Limited,21 Grassington Cres.,L6S 6E6,905-458-1959,Brampton
401,CANADIAN INDUSTRIES LTD/PPG AC CA ...,8200 KEELE ST,L4K 5W5,905-669-1020,CONCORD
402,Canadian Niagara Power,1130 Bertie Street,L2A 1P8,905-871-0330,Fort Erie
403,CANADIAN PIPEFREEZING SERVICES INC,396 BRITANNIA AVE,L3Z 1C4,(905)392-8463,BRAFORD
404,CANADIAN PORTABLE STRUCTURES,4400 CORPORATE DRIVE,L7L 5N9,905-335-5500,BURLINGTON
405,CANADIAN SAFETY GROUP INC,52 SCOTT STREET WEST,N4W 0G3,905-321-1107,ST.CATHARINES
406,CANADIAN SPECIALTY METALS ULC,"O/A ASA ALLOYS, 81 STEIN...",M9W...,416-213-2307,ETOBICOKE
407,CANADIAN SPRINGS/Aquaterra Corporatio...,6560 MCMILLAN WAY,V6W 1H3,877-442-7873,RICHMOND
408,CANELEC MANUFACTURING & DEVELO...,379 DREE ST,P1B 8K8,(705)497-1891,NORTH BAY
409,CANEM SYSTEMS LTD (1358-13351),1358-13351 COMMERCE PARKWAY,V6V ...,(604)214-8650,RICHMOND
410,CANMORE PLUMBING AND HEATING LTD,"105 BOW MEADOWS CRESCENT, 128",T1W 2W8,403-675-0026,CANMORE
411,CANNONBYE CONSTRUCTION LTD,1132 OLD INNES RD,K1B 4K9,(613)247-0049,OTTAWA
412,CANSEL SURVEY EQUIPMENT INC,3900 NORTH FRASER WAY,V5J 5H9,(604)299-5766,BURNABY
413,CANUCK DOOR SYSTEMS,"C/O 744234 ONTARIO LIMITED, 14-1645 B...",L5T ...,905-670-2700,MISSISSAUGA
414,CANYON AIR PRODUCTS INC,"14 Automatic Road, Unit #36",L6S 0E2,(905)790-9700,Brampton
415,CAPITAL CITY ACRYLIC REPAIR INC,159 TANSLEY DR,K2T 0N2,,CARP
416,CAPTIVE-AIRE SYSTEMS INC (CAD),4641 PARAGON PARK RD,27616,(919)882-2410,RALEIGH
417,CARDINAL TOWING INC,"5694-4 HWY 7 E, SUITE 114",L3P ...,(905)472-0426,MARKHAM
418,"Carlisle Machine Works, Inc.",PO Box 746,,856-825-0627,Millville
419,CARMA INDUSTRIES INC.,132 WALSH RD,K9V 4R3,(705)878-0711,LINDSAY
420,CARMICHAEL ENGINEERING LTD,3822 AVE DE COURTRAI,H3S 1C1,514-735-4361,MONTREAL
421,CARQUEST CANADA LTD,1376 HAMMON ST,P1B ...,705-840-1056,NORTH BAY
422,CARREMM CONTROLS LIMITED,"3535 LAIRD RD, UNITS 17-18",L5L 5...,905-569-0335,MISSISSAUGA
423,CARRICKHILL CONSTRUCTION INC,"42 GOODMARK PL, UNIT 11",M9W 6R2,647-458-6322,ETOBICOKE
424,Carrier Commercial Service,"P.O. Box 57843, Stn A",M5W...,(800)565-1939,Toronto
425,CARRIER ENTERPRISE CANADA LP,195 STATESMAN DRIVE,L5S 1X7,(905)672-0606,MISSISSAUGA
426,CARSON ELECTRIC LTD,"110 MILNER AVE, UNIT 4 & 5",M1S ...,(416)298-2526,SCARBOROUGH
427,CARTER MCQUEEN CONSULTING INC,"2300 YONGE ST, SUITE 1600",M4P 1E4,(416)549-1678,TORONTO
428,CASA DI LUCE/ARTGLASS CANADA INC,89 TYCOS DRIVE UNIT 102,M6B 4C5,416-650-9837,NORTH YORK
429,CASCADIA METALS LTD,7449 RIVER ROAD,V4G 1A6,"604-946-0916, ext 3059",DELTA
430,CASS CONTROLS LTD,"BAY 3, 4826 3 AVE",T7E ...,780-278-9233,EDSON
431,CASSELMAN GLOBAL ULC,70 COLVILLE RD,M6M 4A2,1-800-668-8011,TORONTO
432,CB CONCRETE TESTING & CORING LTD,36 LINDSAY AVE,L3Y 2Y7,416-891-0959,NEWMARKET
433,CBC PROCESSING/CANADIAN SPECIALT...,225 DONEY CRESCENT,L4K 4G7,905-738-0301,CONCORD
434,C-CAN POWER SYSTEMS INC.,38 COMMERCE STREET,P7E 4X6,(519)853-4000,ACTON
435,CCS INDUSTRIALS/LAKESHORE MILL SU...,"LAKESHORE MILL SUPPLIES LTD, 150 WENT...",L1H ...,905-579-5222,OSHAWA
436,CDL MAYFAIR GAS AND PLUMBING INC,8545 WILLOW CALE RD,V2N 5T4,250-562-8590,PRINCE GEORGE
437,CDW CANADA,1700-185 THE WEST MALL,M9C 1B7,(800)387-2173,ETOBICOKE
438,CEA BATTERY ZONE,7-401 TRADERS BLVD,L4Z 2H3,(888)614-0202,MISSISSAUGA
439,CEC CONTROLS COMPANY INC,14555 BARBER AVENUE,N1H 5E6,586-779-0222,WARREN
440,"Cec Controls Company, Inc.",14555 Barber Av,N1H 5E6,586-779-0222,Warre
441,CED COMPRESSED AIR INC,8-330 MARWOOD DRIVE,L1H 3X1,905-433-7043,OSHAWA
442,CEDAR INFRASTRUCTURE PRODUCTS,1-330 RODINEA RD,L6A 2L1,905-882-2070,MAPLE
443,CEDAR POWER EQUIPMENT RAIL SERVI...,7871 16TH LINE,N0P 1E0,519-993-5290,ARTHUR
444,CENTRAL PAINTING INC,UNIT A-761 BAYVIEW DR,L4N 5L3,(705)721-2421,BARRIE
445,CENTRAL REFRIGERATION & HEATING L...,6013-47 AVENUE,T9A 2B7,780-352-4970,WETASKIWIN
446,CENTRAL SANITATION/TOTAL SANITATIO...,1316 PLANK ROAD,N7S 5N3,519-336-2465,SARNIA
447,CENTRAL YORK PANTHERS U13A,,,,
448,CENTRAL YORK PANTHERS U13BB,,,,
449,CERCO CABLE LTD,1110 BREVIK PLACE,L4W 4N7,(905)670-3777,MISSISSAUGA
450,CES TRANSFORMERS/CANADIAN ELEC ...,20 ALDEN ROAD UNIT 4-5,L3R 4N4,905-474-0777,MARKHAM
451,CF GOLF CLASSIC/The Cadilac Fairview C...,"C/O JUDY CHIU, 20 QUEEN...",M5H ...,416-598-8556,TORONTO
452,CFF STAINLESS STEELS INC,1840 BURLINGTON STREET E,L8H 3L5,905-549-2603,HAMILTON
453,CFURNIVAL SAFETY CONSULTING,16 WHITWORTH ST,L2S 1S9,289-990-6221,ST.CATHARINES
454,CHALLENGER LOGISTICS INC,300 MAPLE GROVE RD,N3H 5M1,800-268-2096,CAMBRIDGE
455,CHAMPION COMMERCIAL PRODUCTS,1-5430 TIMBERLEA BLVD,L4W 2S5,"1-844-454-4478, EXT 216",MISSISSAUGA
456,CHAMPLAIN READY MIX INC,"281 HILLMOUNT ROAD, SUITE 101",L6C 2S3,647-696-1092,MARKHAM
457,Chandos Construction LP,"2680 Skymark Avenue, Suite 500",L4W 4Y5,,Mississauga
458,CHANTLERS ENVIRONMENTAL SERVS,9426 WELLINGTON RD.22 R.R.2,N0B ...,800-265-3384,HILLSBURGH
459,CHAPEL STEEL CANADA LTD,91 ESTPORT BLVD,L8H ...,289-780-0579,HAMILTON
460,Charles Hall International,800 Brook ...,,585-813-6983,Scottsville
461,CHECKPOINT CHRYSLER LTD,357 ONTARIO ST,L2R 5L3,905-688-2802,ST CATHARINES
462,CHELSEA CATHRYN PHOTOGRAPHY,5-136 KING ST.E,L1C 3X0,778-233-9314,BOWMANVILLE
463,CHRIS RUCKI,,,(000)000-0000,
464,CHRISTIAN GUESE,1592 ROSANA STREET MT.VIEW,,,BALIBAGO
465,CHUBB,"CHUBB FIRE & SECURITY CANADA INC, 5201 EXPL...",L4W 0A5,8662202183,MISSISSAUGA
466,Cibc,Po Box 4595 Stn A,M2H 1S9,,Toronto
467,CINTAS CANADA LIMITED,255 HARRY WALKER PKWY S,L3Y 7B4,905-657-0030,NEWMARKET
468,CISG/CANADIAN INSTRUMENTATION SE...,1091 MONAGHAN ROAD,K9J 5K4,705-748-5225,PETERBOROUGH
469,Citi Cards Canada Inc.,Po Box 1953 Stn D,,800-233-8557,Scrborough
470,CITIPARK INC.,"40 KING ST W, P.O. BOX 2...",M5H 1H1,(416)868-0773,TORONTO
471,CITY ELECTRIC SUPPLY/TORBRAM ELE...,10 PERDUE COURT UNIT 6,L7C 2Z4,(905)495-0535,CALEDON
472,CITY OF BRANDON,410-9TH ST,R7A 7R7,204-729-2229,BRANDON
473,CITY OF BRANTFORD,,N3S 1G5,,Brantford
474,CITY OF KINGSTON,,K7K 5H1,,Kingston
475,CITY OF KITCHENER,"FINANCIAL SERVICES-REVENUE DIVISION, PO BOX 9...",N2G ...,(519)741-2450,KITCHENER
476,CITY OF MARKHAM,"ACCOUNTS RECEIVABLE DEPT, 101 TOWN...",L3R 0B5,(905)477-7000,MARKHAM
477,CITY OF MISSISSAUGA,"REVENUE AND MATERIAL MANAGEMENT DI..., PO BOX 3...",L5B 2N5,(000)000-0000,MISSISSAUGA
478,CITY OF MISSISSAUGA,"CORP SERV, COMPLIANCE AND LICENSING ..., 3235 MAVI...",L5B 2N5,,MISSISSAUGA
479,"CITY OF OTTAWA,REVENUE SERVICES",PO BOX 4647 STATION A,M5W...,613-580-2444,TORONTO
480,CITY OF ST. JOHN'S,"Attention: Inspection Services, PO BOX 908",M5J 1E3,(000)000-0000,St. John's
481,CITY OF THUNDER BAY,,P7J 1K4,,Thunder Bay
482,Cj Aluminum Foundry +,1515 Matheson Blvd Unit C-11,L5R 3L7,905-602-5996,Mississauga
483,CK ELECTRIC INC,190 7TH AVE N,S3N 1C6,(306)621-9101,YORKTON
484,Clariant Corporation,Dept 2203,,781-433-5900,Carol Stream
485,CLARINGTON RAVENS,,,,
486,CLARK COMMUNICATIONS/2045162 ONT...,840 MCLNTYRE STEET WEST,P1B ...,705-476-5044,NORTH BAY
487,CLARK EXCAVATION SERVICES INC,43 BILL KNOWLES ST,L9P 1Z8,905-649-1917,UXBRIDGE
488,Class 1 Inc,565 Boxwood Drive,N3E 1A6,(519)650-2355,Cambridge
489,CLASSIC FIRE AND LIFE SAFETY,"P.O.BOX 57139,STN A",M5W...,(416)740-3000,TORONTO
490,CLASSIC FIRE PROTECTION INC - NORT...,645 GARYRAY DR,L4L 4Y5,(416)740-3000,NORTH YORK
491,CLC INFRASTRUCTURE INC,"C/O 2771972 ONTARIO INC, 45 LEPAG...",M3J ...,416-646-5199,NORTH YORK
492,CLELAND JARDINE ENGINEERING LIMIT...,200-580 TERRY FOX DR,K2L ...,(613)591-1533,KANATA
493,CLICKLEARN,"SJAELEBODERNE 2,1.TH, 1122 COP...",,45 88 77 47 35,
494,CLIMATE WORKS HEATING COOLING AN...,2639 POLLOCK ROAD,K0A 2T0,613-838-9989,RICHMOND
495,CLOW DARLING LIMITED,1201 CAMERON ST,P7C 3Y3,807-623-7485,THUNDER BAY
496,CLUB LINK CORPORATION ULC,15675 DUFFERIN ST,L7B 1K5,(800)273-5113,KING CITY
497,COBALT REFRIGERATION LTD,"UNIT 3,34581 - 4TH AVENUE",V2S 8E5,604-309-8808,ABBOTSFORD
498,COBO ELECTRIC LTD,5 ERIE BAY,R2J 2H2,(204)918-2297,WINNIPEG
499,COGNITION CONTROLS CO,"1111B S GOVERNORS AVE, SUITE 3303",,416-320-5812,DOVER
500,COLAS RAIL CANADA INC,"4950 YONGE STREET, SUITE 506",M2N 7G9,1-437-925-8531,TORONTO
501,COLLEEN REED,14-525 BALLIOL STREET,M4S ...,416-271-9674,TORONTO
502,COLLIERS INTERNATIONAL REALTY ADV...,"181 BAY ST, SUITE 1400",M5J 2T0,(416)643-3486,TORONTO
503,COLLIERS MACAULAY NICOLLS INC,"ATTN: MARSHALL, WENDY, 1400-181 ...",M5J ...,(000)000-0000,TORONTO
504,COMAIRCO,"110 Nortfinch Drive, Unit 10",M3N ...,(416)667-9510,Downsview
505,COMBINED METAL INDUSTRIES INC,8470 KEELE STREET,L4K 2N1,"1-888-743-7730,EXT 7454",CONCORD
506,COMFORT-TEK HEATING AND COOLING ...,1114 COUNTY RD 22,N8L 0Y3,519-562-8090,BELLE RIVER
507,COMMERCIAL AIR COMPRESSOR LTD,95 Konrad Crescent,L3R 2N2,(000)000-0000,Markham
508,COMMERCIAL ELECTRIC,611 SQUIER STREET,P7B 4A6,807-344-8781,THUNDER BAY
509,COMMERCIAL SWITCHGEAR LIMITED (ST),175 RACCO PARKWAY,L4J 8X9,(905)669-9270,THORNHILL
510,COMMERCIAL TRUCK EQUIPMENT CORP,"1005 PATTULLO AVE, RR 8",N4V ...,(519)421-4488,WOODSTOCK
511,COMPLEX POWER SYSTEMS LIMITED,22 JEAN DAVEY ROAD,K9A 0L8,905-995-1306,COBOURG
512,COMPLYWORKS LTD,SUITE 200-4838 RICHARD RD SW,T3E 7A9,(403)219-4792,CALGARY
513,COMPOSITE POWER GROUP INC,1-265 BRIDGE ST,N1M 2P3,(519)942-8485,FERGUS
514,COMPRESSOR REPAIRS LTD,"191 NUGGET AVENUE, UNIT 21",M1S 4N6,416-754-3048,TORONTO
515,Compressor Technology Inc,141-1895 Clements Road,L1S 7G9,(905)426-2221,Pickering
516,Compressor Technology Inc.,141-1895 Clements Road,L1S 7G9,(905)426-2221,Pickering
517,Comstock Canada Ltd.,3455 Landmark Road,L7M 1A8,905-458-2996,Burlington
518,COMTOW DIVISION OF 4027246,"4027426 Canada Inc., 2677 Drew ...",,416-243-7777,Mississauga
519,CONCEPT STORAGE SOLUTIONS,1470 CREDITSTONE RD,L4K 4G3,(905)660-7848,VAUGHAN
520,CONCORD HARDWARE LTD,7310 WOODBINE AVE UNIT #5,L3R 3V7,(905)479-9844,MARKHAM
521,CONCORD STEEL CENTRE LTD,147 ASHBRIDGE CIRCLE,L4H 0A8,905-856-1717,WOODBRIDGE
522,CONESTOGO ELECTRIC INC,1490 BATTLER RD,N2R 1J6,(519)748-6740,KITCHENER
523,CONFRA CONSTRUCTION,69 CONNIE CRES,L4K 1L6,905-532-0000,CONCORD
524,CONS ELECTRIC COMPANY LTD,645 SHIRLEY STREET NORTH,P4R 1N5,705-268-5530,TIMMINS
525,CONSOLIDATED ELECTRICAL DISTRIBU...,660 S ANDOVER ST,98108,(206)623-1501,SEATTLE
526,CONSTANT CONTROLS LTD,"7-17705 LESLIE ST, NEWMAR...",L3Y ...,9052357222,ON
527,CONSTANT ENVIRONMENTAL SUPPLY INC,14-555 MAIN ST E,L9T 2T1,(905)878-4912,MILTON
528,CONSTRUCTCONNECT CANADA INC,3760 14TH AVE 6TH FLOOR,L3R ...,(800)424-3996,MARKHAM
529,CONSTRUCTION HIBOU/11712560 CANA...,12745 AVE. LEON RINGUET,H1E 3A9,514-242-6270,MONTREAL
530,CONTENDER LOGISTICS LTD,180 NORTHFIELD DRIVE W UNIT # 4,N2L 0C7,516-578-2599,WATERLOO
531,Conteneur GSA,160 Avenue Anvik,J0Z 3R0,(613)738-0705,Temiscaming
532,CONTINUAL ENERGY INC,15 AKRON RD,M8W 2B3,(800)610-4109,ETOBICOKE
533,Contro Valve Inc.,3375 North Service Rd. #B4-6,L7N 3M6,905-319-5545,Burlington
534,CONTROL FIRE SYSTEMS LTD,"63 ADVANCE RD, BUILDING A",M8Z ...,416-236-2371,TORONTO
535,CONTROL SYSTEMS ONTARIO INC,461 SECOND STREET,N5V 2B7,519-453-4100,LONDON
536,CONTROLLED AIR HEATING AND COOLI...,2995 GLACIER RD,V9N 7R6,250-792-2682,COURTENAY
537,CONTROLTEK CANADA LTD,"aka CONTROLTEK CANADA LTD, 6-445 MIL...",M1B ...,(647)406-2243,SCARBOROUGH
538,Conval Equipment Ltd.,"6185 Tomken Road, Unit 3-5",L5T 1K8,416-665-8960,Mississauga
539,CONVERGINT TECHNOLOGIES LTD,1-5716 COOPERS AVE,L4Z 1Z5,(647)390-5159,MISSISSAUGA
540,CONWAY ELECTRIC INC.,8203 - 98 STREET,V1J 4P6,(250)785-6829,FORT ST. JOHN
541,COOKSVILLE INTERIORS LIMITED,6345 KESTREL RD,L5T 1K8,905-670-9976,MISSISSAUGA
542,COOLING TOWER MAINTENANCE INC,5629 MCADAM ROAD,L4Z 1N9,905-624-4823,MISSISSAUGA
543,COOPER EQUIPMENT RENTALS LTD,103-255 LONGSIDE DRIVE,L5W ...,289-247-2770,MISSISSAUGA
544,CORFIX INC,"340 LEGGET DR, SUITE 14",K2K 2W7,1-833-267-3491,OTTAWA
545,CORNWALL ELECTRIC,1001 SYDNEY ST,K6H 6R3,613-932-0123,CORNWALL
546,CORPORATION DES MAITRES ELECTRI...,"5925, boul. Décarie",H3W 3C9,(514)738-2184,Montreal
547,COS SHORE INC,211 RODINEA RD,L6A 2L1,(800)267-0611,VAUGHAN
548,COSTCO WHOLESALE/COSTCO,"RENEWALS DEPT, CP 5029 L...",V3B 7Z1,(800)463-3783,OTTAWA
549,COTTAGE AIR INC,"690 BROWNING ISLAND, PO BOX 425",P1L ...,705-706-1390,BRECEBRIDGE
550,Cotton Candy Mississauga Inc.,2600 Argentia Rd.,L5N 0G9,905-858-2600,Mississauga
551,Coventry North Jaguar and Land Rover,123 Auto Park Circle,L4L 8R1,,Woodbridge
552,CPA ENGINEERED SOLUTIONS,95 ALBERT STREET S,L0C 1H0,1-855-272-1272,SUNDERLAND
553,CRAIG SECURITY INC.,"595 CITYVIEW BLVD,UNIT 16",L4H 3M7,905-553-4760,VAUGHAN
554,CRAIGLEITH SKI CLUB,164 CRAIGLEITH ROAD,L9Y 0N6,705-445-3847,BLUE MOUNTAINS
555,CRANE SUPPLY,"C/O 13859380 CANADA INC, 141 ROYA...",L4H ...,416-240-8874,VAUGHAN
556,Craneway Equipment Ltd.,"477 Ofield Rd. S, Unit 4",L9H 6A7,905-627-3861,Dundas
557,CRAWFORD METALS INC,121 CARDEVCO ROAD,K2T 0N2,(613) 612-3854,CARP
558,CRAWFORD ROOFING CORPORATION,87 BAKERSFIELD ST,M3J 1Z4,(416)787-0649,NORTH YORK
559,CREATIVE CONCEPTS CONSTRUCTION/...,PO BOX 1635,M4W 1A7,905-424-1048,HOLLAND LANDING
560,CREATIVE LANDSCAPE DEPOT INC,1175 KING STREET N,N0B 2N0,519-664-0225,ST JACOBS
561,CREEKLINE MFG INC,347260 4TH CONCESSION B,N0C ...,705-608-3820,MAXWELL
562,CREW DOCKS AND BARGING,5521 UPPER BIG CHUTE ROAD,L0K 1E0,705-345-8686,COLDWATER
563,CRH CANADA GROUP INC/DUFFERIN/ON...,"2300 STEELES AVE, 4TH FLOOR",L4K ...,(905)532-3182,CONCORD
564,CRITERION INC,PO BOX 780930,1917...,203-703-9000,PHILADELPHIA
565,CROMPTON TECHNOLOGY INC,7538 BATH RD,L4T 0A4,905-671-2304,MISSISSAUGA
566,CROSS -TOWN COURIER/NADINE MARIE...,102 SHALLOT CRESCENT,P1A 2Z8,705-474-4903,NORTH BAY
567,CROSSLINX TRANSIT SOLUTIONS CONS...,"90 EGLINTON AVENUE EAST,SUITE 301",M4P 2Y3,416-679-6116,TORONTO
568,CROSSROADS C and I DISTRIBUTORS INC,11104-180ST,T5S ...,514-313-5608,EDMONTON
569,CROSSROADS REFRIGERATION LIMITED,617 ENFIELD ROAD,L7T 2E3,905-333-6411,BURLINGTON
570,CROSSSAFETY SOLUTIONS INC,"675 COCHRANE DRIVE, WEST TO...",L3R ...,905-669-9517,MARKHAM
571,CROWN LIFT TRUCKS ULC,210 ANNAGEM BLVD,L5T 2V8,905-565-2100,MISSISSAUGA
572,CROZIER ENVIRONMENTAL INC,5770 GAMSBY RD,L0B 1M0,905-983-9199,ORONO
573,CROZIER MECHANICAL INC,60 RACINE RD,M9W 2Z4,905-983-9311,ETOBICOKE
574,CRYSTAL DRAIN & PLUMBING,108-172 BERRY RD,M8Y 1T3,(647)686-4566,TORONTO
575,CSA GROUP TESTING & CERTIFICATION ...,"BANK OF AMERICA LOCKBOX SERVICES, C/O LOCK...",M5W...,216-339-6512,TORONTO
576,CSI POWER and ENVIRON INC,"850 BROCK ROAD SOUTH, UNIT 3",L1W ...,800-465-1771,PICKERING
577,Csm Worldwide Inc,36 S. Ada...,K1X 1A8,908-233-2882,Bridgewater
578,CTOS CANADA LTD,9230 51ST ST SE,T2C ...,587-316-5090,CALGARY
579,CTS CARGO TIE-DOWN SPECIALTY,160 MILNER AVE,M1S 2Z1,1-888-412-7144,TORONTO
580,CULLIGAN WATER,"CULLIGAN OF CANADA ULC, 265 INDUS...",N3H ...,1-866-299-1914,CAMBRIDGE
581,CUMMINS CANADA ULC,PO BOX 2521 STN M,T2P ...,(905)795-0050/514-695-...,CALGARY
582,CUMMINS HYDRAULICS LTD,1250 GORHAM ST,L3Y 7B4,905-836-7750,NEWMARKET
583,CURT'S COOLERS INC,LINE 39 6532,N0K 1N0,519-301-5706,MITCHELL
584,CUSTOM DESIGNS and TECH INC,"1822 WHITES ROAD, SUITE 414",L1V 5M0,905-492-3541,PICKERING
585,CUSTOM GASKETS LTD,975 WEST KENT OWENUE NORTH,L6P ...,604-263-1426,VANCOUVER
586,CUSTOM GROUNDS & GARDENS INC,"364 SUPERTEST ROAD, SUITE 200",M3J 2M4,416-514-0677,TORONTO
587,CUSTOM INSULATION SYSTEMS LTD,"70 PIPPIN RD, UNITS 52-53",L4K ...,905-669-0002,VAUGHAN
588,CUSTOM THERMAL APPLICATIONS,73 HALE RD,L6W 0M0,905-454-1331,BRAMPTON
589,CW2 CONSTRUCTION AND DESIGN LTD,402 PARK AVE E,R7A 7X0,204-726-2270,BRANDON
590,CWB GROUP-INDUSTRY SERVICES,Po Box 46035 Postal Station A,,1-800-844-6790,Toronto
591,CYCLONE VENTILATION PRODUCTS INC.,8 SUMMERGATE CRT,L7C 2W8,(905)584-5163,CALEDON
592,D & F INSULATION LTD,4-799 O' BRIEN DRIVE,K9J ...,705-745-1389,PETERBOROUGH
593,D C FENCE & CONTRACTING INC,C21975 LAKERIDGE RD,L0E ...,(905)722-5408,PEFFERLAW
594,D.A.LOEWEN ELECTRIC LTD/ELECTRICA...,1-249 MANITOBA ROAD,R6W 0J6,204-325-9571,WINKLER
595,D.GARLAND AND SONS LTD,110 MILNER AVE. UNIT 11,M1S 2Z1,416-299-5022,SCARBOROUGH
596,D.R.FAWCETT SOLUTIONS INC,103 GORE ST W,P7E 3V7,807-628-5918,THUNDER BAY
597,D.RUDDERHAM & ASSOCIATES CO.LTD.,"T/A THE PUMP HOUSE, 10 Newkirk...",L4C ...,(905)884-5588,Richmond Hill
598,DAFCO FILTRATION GROUP CORPORATI...,5390 AMBLER DR,L4W 2Z7,(905)602-1010,MISSISSAUGA
599,DAIKIN APPLIED AMERICAS INC,13600 INDUSTRIAL BLVD,55441,(763)553-5330,MINNEAPOLIS
600,DALLAS CONTRACTING INC,285 LAKE RD,L1C 4P8,905-623-3880,BOWMANVILLE
601,DALY CONCRETE CORING LIMITED,1463 GORD VINSON AVE,L1E 3J2,416-717-7791,COURTICE
602,DAMA CONSTRUCTION,"C/O 9028-7939 Quebec Inc. (DAMA CONSTRU..., 117 Avenu...",H9P ...,514-636-3473,Dorval
603,Dan Lawrie Insurance Brokers Ltd.,"105 Main St. E., 14Th Floor",,1-905-525-7259,Hamilton
604,DANIEL G. MARSHALL ENGINEERING CO...,"146 GORE CRESCENT,RR 3",N0H ...,519-374-9966,HOLLAND CENTRE
605,DANIEL NAWROT,563 ASHFIELD CRT,L1V 5M5,,PICKERING
606,DANOSH CONSTRUCTION INC,19386 MCCOWAN RD,L0G 1M0,(905)473-6883,MOUNT ALBERT
607,DANPLAS PIPE SYSTEMS,20 HIGH MEADOW PLACE,M9M 2Y9,(416)740-1092,NORTH YORK
608,DANSON ENVIRONMENTAL INCORPORA...,"415 THE WESTWAY,P.O.BOX 12506",M9R ...,647-500-6051,TORONTO
609,DARREN SMISKO,201-15158 ROYAL AVE,V4B ...,604-729-2019,WHITE ROCK
610,"DATA-BASICS, INC.",600 Broadway Ave,44146,(216)663-5600,BEDFORD
611,Datapaq,187 BALLA...,,(978)988-9000,WILMINGTON
612,DAVID C WILFORD,"O/A MUSKOKA BOAT LIFTS, PO BOX 1...",P1L ...,,BRACEBRIDGE
613,DAVID C. LITTLE CONTRACTING INC.,"221 DEERHURST DR., UNITS 12-14",L6T ...,(905)454-7973,BRAMPTON
614,DAVID LEWIS LEADERSHIP LTD,19 MUNRO PARK AVE,M4E 1H8,,TORONTO
615,DAVID SUNN,"C/O DAS COMPUTER SERVICES, 19 ANNDA...",M1N ...,(416)587-5042,TORONTO
616,DAVIS & MCCAULEY FUELS LTD,660 CLARKE ROAD,N5V 3B1,"519-453-6960,EXT 225",LONDON
617,DAVIS CONTROLS LIMITED,2200 BRISTOL CIR,L6H 6P5,905-829-6963,OAKVILLE
618,DB FILTRATION INC,"5 WASHBURN DRIVE,UNIT E",N2R 1S1,"519-584-0738,ext 110",KITCHENER
619,DCL SUPPLY,1-5150 MAINWAY,L7L 6B3,905-332-7678,BURLINGTON
620,DCX TECHNICAL INC,728-5 HANNA AVE,M6K 3N7,(437)778-6556,TORONTO
621,DDM Mobile Welding Ltd.,130 Barbados Boulevard,M1J 0A2,(416)288-8485,Scarborough
622,DEANOS ELECTRICAL SERVICE,23 COUCH ROAD,Y1A 5S3,867-335-3326,WHITEHORSE
623,Debney Industrial Ltd,4635 Burgoyne Street,L4W 2R1,(905)624-0878,Mississauga
624,DECOSTE ELEC and VENT LTD,"C/O 4469895 NOVA SCOTIA LTD, 2565 HWY ...",B2G ...,902-863-5853,ANTIGONISH
625,DEDON LAYOUTS INC,2360 MEADOWPINE BLVD UNIT 4,L5N 0G9,"416-921-9388, EXT 9",MISSISSAUGA
626,DEL INDUSTRIAL METALS,7653 BRAMALEA ROAD,L6T 4K4,905-595-1444,BRAMPTON
627,DELIGHT BITE INC,80 BRAEBURN DR,L3T 4X6,(000)000-0000,THORNHILL
628,DELL FINANCIAL SERVICES CANADA LIM...,501-155 GORDON BAKER RD,M2H ...,(800)387-5757,TORONTO
629,DELMAR INTERNATIONAL INC,10636 COTE DE LIESSE,H8T 3C9,514-636-8800,MONTREAL
630,DELTA ELEVATOR COMPANY LIMITED,509 MILL STREET,N2G 2Y5,"519-745-5789, EXT 254",KITCHENER
631,DELTA PREVENTION INC,4000A PLACE DE JAVA,J4Y 0M9,844-855-4273,BROSSARD
632,DELTA WYE INC,892 DETLOR RD,K0L ...,416-899-7726,L'AMABLE
633,DELUXE GAS APPARATUS REPAIR INC,5969 OLD BASELINE RD,L7C ...,416-606-7996,CALEDON
634,DEMA PAINTING & HOME IMPROVEMENTS,216 FRANKLIN ST N,N2A 1Y4,(226)751-3139,KITCHENER
635,DENKAR CONTROLS INC,2-191 BOOTH ROAD,P1A 2H3,705-474-1706,NORTH BAY
636,DEPENDABLE OVERHEAD DOOR SERVICE,"OF BRAMALEA LTD, 335 ADMIR...",L5T ...,(905)670-0248,MISSISSAUGA
637,Desch Drive Technology,240 Shearson Cres.,N1R 5W1,800-263-1866,Cambridge
638,DESCO PLUMBING & HEATING SUPPLIES,7550 TRANMERE DR,L5S 1M7,416-213-1555,MISSISSAUGA
639,DESIGN STAINLESS STEEL LTD,50 GALAXY BLVD UNIT 5,M9W 5X8,(647)499-8244,ETOBICOKE
640,DESIGNTEST and BALANCE CO LTD,35-70 EAST BEAVER CREEK RD,L4B 3P4,(905)886-6513,RICHMOND HILL
641,DESJARDINS CARD SERVICES,P O BOX 8601 STN CENTRE-VILLE,H3C ...,(000)000-0000,MONTREAL
642,DEWITT EQUIPMENT COMPANY INC,1793 LINE 13,N4X 1B3,905-330-8656,GILFORD
643,DF 2000 INC,"D.F.2000 Inc. (Fence Supply and Install), 346 Derry ...",L5W ...,9055643550,Mississauga
644,DFS PROJECTS,1331 COMMERCE WAY,N4V 0A2,519-621-0111,WOODSTOCK
645,DH ELECTRIC,20324 123B AVE,V2X 3C9,647-779-7420,MAPLE RIDGE
646,DIA'A BUTTU,95 Clayton Crescent,L1C 0H0,,Bowmanville
647,DIETZCRETE LIMITED,4223 LINE 61,N0K 1M0,(519)497-5211,MILVERTON
648,DigelAir HVAC Supply Inc.,49 Grenfell Crescent,K2G 1G6,(613)723-0359,Ottawa
649,Digi-Key Electronics,Po Box 390,,800-344-4539,Thief River Falls
650,Digital Fire & Security Services Inc.,"205 Riviera Drive, Unit 13",L3R 1E1,9054705805,Markham
651,DILAKSHA SUTHARJAN,7-3 EATON PARK LANE,M1W 2V1,647-702-1746,SCARBOROUGH
652,DINEEN CONSTRUCTION (2017) CORPO...,300-70 DISCO RD,M9W 5B1,(416)675-6987,TORONTO
653,DIRECT EXPANSION SOLUTIONS,115 NORFINCH DR,M3N 1T3,(416)661-3400,NORTH YORK
654,DIRECT LIFE SAFETY/DIRECT FIRE PRO...,6200 KENWAY DR,L5T 2Z1,(416)243-3473,MISSISSAUGA
655,DIRTY MITT ELECTRIC AND CONTROLS ...,"BOX 64, SITE 10 RR2",T0H ...,(780)882-5568,SEXSMITH
656,Distribution Air Inc.,"425 Admiral Blvd, Unit 3",L5T 2N8,(905)670-7966,Mississauga
657,DIVERSIFIED COMMUNICATIONS,730 THE KINGSWAY UNIT # 9,K9J ...,705-743-3962,PETERBOROUGH
658,DIVERSIFIED SPECIALTY METALS/DIVER...,"A DIVISION OF ULBRICH OF CANADA INC, 150 NEW ...",L4H ...,416-663-7130,WOODBRIDGE
659,DIVERSIFIED VENTURES,"100 IRONSIDE CRES, UNIT 13-14",M1X 0B6,,SCARBOROUGH
660,DIXON A SONEPAR COMPANY/AZTEC EL...,25 NORTH RIVERMEDE RD Unit 9,L4K ...,(905)761-7762/705-474-...,CONCORD
661,DJK SERVICE MASTER,"C/O SERVICE MASTER-LANARK, PO BOX 4...",K7A ...,613-283-1471,SMITHS FALLS
662,DMC CLIMATISATION INC,3600 BOUL L. P NORMAND,G9B 0X2,819-377-3336,TROIS-RIVIERES
663,DOCUSIGN INC,181 BAY S...,M5G 1H1,,TORONTO
664,DODDS GARAGE DOOR SYSTEMS INC,60 WILDCAT ROAD,M3J 2N5,866-836-3370,NORTH YORK
665,DOGWOOD MAINTENANCE LTD,UNIT # 9-9531-192ND STREET,V4N ...,604-530-9134,SURREY
666,DOING THINGS SIMPLY INC,1043 GERRARD ST E,M4M 1Z5,4164866587,TORONTO
667,DOMES ELECTRIC,466 FIRST AVENUE WEST,P1B 3B4,(705)472-6141,NORTH BAY
668,DOMINION CAULKING LIMITED,253 CENTRE STREET EAST,L4C 1A7,905-883-8355,RICHMOND HILL
669,DOMINION LIGHTNING ROD CO LTD,384 MILL ST,L4C 4B9,(905)628-6452,DUNDAS
670,DOMINO HIGHVOLTAGE SUPPLY INC,3525 NASHUA DR,L4T 4E3,778-285-3440,MISSISSAUGA
671,Don Casselman & Son,"Po Box 4550, Postal Stn A",,416-241-4466,Toronto
672,DON FRY SCAFFOLD SERVICE INC,65 HYMUS RD,M1L 2G8,416-428-9257,TORONTO
673,DONE RIGHT ELECTRIC LTD,P O BOX 4647 STN MAIN,T1G ...,(403)380-0370,TABER
674,DONKERS MILLWRIGHTING SERVICES INC,184 INDUSTRIAL BLVD,N0E 1N0,(519)448-3080,ST GEORGE
675,DONNA MAY SON,S.I.R PH2 MATINA,8000,63 906 220 0812,DAVAO CITY
676,DORREN ELECTRIC 1985 LTD,226 22ND ST N,L9Z 2V9,403-328-9246,LETHBRIDGE
677,DOSS COPY CENTRE,1-655 THE QUEENSWAY,K9J 7V6,(705)749-3677,PETERBOROUGH
678,DOWNTOWN ELECTRIC SOLUTIONS LTD,719 CRANBROOK RD,N6K 1W2,519-719-4113,LONDON
679,DPI CONSTRUCTION MANAGEMENT/DIS...,255 DUNCAN MILL ROAD SUITE 707,M3B 2S7,416-686-4434,TORONTO
680,DR MAINTENANCE SOLUTIONS INC,231 CHEMIN LAMOUREUX,J8V 0E5,(819)643-9273,CANTLEY
681,Drager Safety Canada Ltd.,7555 Danbro Cres.,L5N 8H9,877-372-4371,Mississauga
682,DRAIN BROS EXCAVATING LIMITED,"2130 8TH LINE RD N ,DOURO",K0L ...,705-639-2301,DUMMER
683,DRR ENGINEERING,22 JEAN DAVEY RD,K9A 0L8,(905)995-1306,COBOURG
684,DRYDEL INC,29 CALDARI RD,L4K 4G3,416-904-1403,CONCORD
685,DSI CONSULTANTS INC,5350 BOULEVARD HENRI,G1H 3B1,418-476-4510,BOURASSA
686,DTC INDUSTRIAL SALES LTD,"150 MCLEVIN AVENUE, UNIT 9",M1B 1P6,416-321-0990,SCARBOROUGH
687,DTK ELECTRIC LTD,145 PARK CRES,R7N 3M4,(204)232-5031,DAUPHIN
688,DTM CONSULTING SERVICES INC,6270 BOSTWICK RD,N5P 3S9,519-637-9979,UNION
689,DUFFERIN CHIMNEY SERVICE,6 WEST PALM COURT,M9M 1S3,416-747-8000,TORONTO
690,DUFFIN CONTRACTORS LTD,4154 MABELS RD,K0A 1G0,416-410-4439,NESTLETON STATI
691,DUNCALFE MECHANICAL LTD,312 ROCKALL ROAD,R4H 0C5,431-302-9345,HEADINGLEY
692,DUNCAN INSTRUMENTS CANADA LTD,"216 RIVERMEDE ROAD,UNIT 1 & 2",L4K ...,416-742-4448,CONCORD
693,Dunmet Products (2014) Limited,157 Bentworth Avenue,M6A 1V4,416-787-4578,Toronto
694,DURA SHEET METAL LTD,2715-27 NORTHSIDE RD,K2H 9N9,(613)720-4439,OTTAWA
695,DURELL CONTROL SYSTEMS INC,95 ENTERPRISE DRIVE,N6N 1P3,(519)685-5432,LONDON
696,DURHAM CONSTRUCTION ASSOCIATION,"2001 THICKSON RD S, UNIT 1 & 2",L1N ...,(905)728-3391,WHITBY
697,DURHAM HIGH VOLTAGE,18 NANTUCKET BLVD,M1P 2R5,905-550-3060,SCARBOROUGH
698,DUTCHMASTER NURSERIES LTD,3735 SIDELINE 16 NORTH,L1Y ...,(905)683-8211,PICKERING
699,DUVAL FIRE PROTECTION INC,#11-1 HIGH MEADOW PLACE,M9M 2Y9,,NORTH YORK
700,Dyak Systems Inc.,"6810 Kitimat Rd, Unit 8&9",,905-567-4157,Mississauga
701,DYMAC CANADA INC,500 WARREN ROAD,L7B 0B4,647-388-3655,KING CITY
702,DYNAMEK GROUP LTD,7-6200 DIXIE RD,L4X 2M2,(905)795-1968,MISSISSAUGA
703,DYNAMIC THERMAL IMAGING INC,6270 ALMON STREET,B3L 1V2,902-329-9685,HALIFAX
704,DY-TECH INC,7 PROGRESS DR,L1E 0E7,(877)389-3240,COURTICE
705,E I WILLIAMS INDUSTRIES INC,264 FAIRALL ST,L1S 2G4,(905)428-0950,AJAX
706,E&E PROCESS INSTRUMENTATION,40 NORTH...,L4K 1Y7,905-669-4857,CONCORD
707,E A. SHIPMAN ELECTRIC LTD,234 HIGHWAY 518,P2A 0B2,705-746-4302,SEGUIN
708,E.C BOONE LIMITED,10 PIPPY PLACE,A1B 3X2,709-726-4610,ST.JOHN'S
709,E.H PRICE SOLUTIONS L.P/Enviroair Indu...,638 RALEIGH ST,R2K 2T9,"514-738-9865,EXT 2236",WINNIPEG
710,E.J.Walsh & Co.Inc.,3091 Jarrow Avenue,L4X 1L5,(905)625-4600,Mississauga
711,EA SUPPLY INC,270 PENNSYLVANIA AVE UNIT # 3,L4K ...,905-488-0300,CONCORD
712,EAGLE SEALANTS INC,52 MCLNTYRE PLACE UNITS I&J,N2R ...,519-745-6007,KITCHENER
713,EAGLE TOWING,1861 March Road,K0A 1L0,(613)882-4953,Carp
714,EARTHCO SOIL MIXTURES INC,401 BOWES RD,L4K 3M4,(416)798-7050,CONCORD
715,EASTERN PARTITIONS LTD,7-487 WESTNEY ROAD SOUTH,L1S 6S2,905-686-9500,AJAX
716,EASTSIDE CHEVROLET,8435 WOODBINE AVE,M4L 3P1,(905)475-7373,MARKHAM
717,Eastside Chevrolet Buick GMC Corvette Lt,8435 Woodbine Avenue,M4L 3P1,(905)475-7373,Markham
718,Eastside Collision,8435 Woodbine Ave,M4L 3P1,(905)475-7373,Markham
719,EASY IMAGING,80 ESNA PARK DR UNIT 20 & 21,L3R ...,(905)475-8883,MARKHAM
720,EATON INDUSTRIES (CANADA) COMPANY,PO BOX 11043 STN A - C/O T11043C,M5W...,(416)798-0112,TORONTO
721,EBC-BESSAC CANADA(FSPSTT)JV,1095 VALETS STREET,G2E ...,418-872-0600,L'ANCIENNE-LORE
722,ECAO Powerline Technician Training Trust ...,"10 Carlson Court, Suite 1700",M9W 6H5,,Toronto
723,ECE CANADA LIMITED/ELECTROSTATIC ...,270 BRUNEL ROAD,L4Z 1S6,905-890-1919,MISSISSAUGA
724,"Eclipse Combustion Canada, Inc",P.O. Box 15666 Station A,,905-366-1091,Toronto
725,Eclipse Inc.,28282 Net...,M6K 1C2,815-877-3031,Chicago
726,ECLIPSE LEASING,510-1131A LESLIE ST,M3C ...,(416)751-4892,TORONTO
727,ECOLOGIC MOBILE WASH LTD,129 CEDAR VALLEYVIEW RD,N4N 3B9,416-557-8500,HANOVER
728,ECS ELECTRICAL CABLE SUPPLY LTD,UNIT 3135 - 6900 GRAYBAR RD,V6W 1H3,(604)207-1516,RICHMOND
729,ED HENZEL,"298 MARSLAND DR, UNIT: LOW...",N2J ...,(519)747-2202,WATERLOO
730,EDEN ENERGY EQUIPMENT LIMITED,600-945A SOUTHGATE DRIVE,N1L ...,"1-800-665-3336, EXT 124",GUELPH
731,EDGETCH HVAC SERVICES LTD,6-7015 TRANMERE DR,L6P 2K2,(647)631-7430,MISSISSAUGA
732,EE CONTROLS (EEC) LTD,207311 HIGHWAY 9,L7K 0A8,(519)941-6845,MONO
733,EECOL ELECTRIC CORP,48 MILNER AVENUE,M1S 2Z1,416-291-0048,SCARBOROUGH
734,EFCO ENTERPRISES LTD,P O BOX 318,A2N ...,(709)643-5001,STEPHENVILLE
735,EFI ENGINEERING,"LOWE, GRAVELLE & ASSOCIATES INC, 34 SOUTH ...",K6K ...,(613)936-0148,CORNWALL
736,EFIConcepts,"3300 Highway 7 West, Suite 100",L4K ...,905 738 3263,Concord
737,EIA SERVICES,"65 SIMCOE RD, PO BOX 421",L3Z ...,416-727-6079,BRADFORD WEST 
738,EISENERS PLUMBING AND HEAT LTD,7480 HIGHWAY 14,B0N 1M0,902-449-7287,NINE MILE RIVER
739,ELASTO PROXY INC,4035 LAVOISIER,J7H 1S6,450-434-2744,BOISBRIAND
740,Elco Inc. Dba Metals Depot,4200 Revil...,,859-745-2650,Winchester
741,ELECON SYSTEMS LTD,8011 DAVIES ROAD,T6E 4N3,780-472-8858,EDMONTON
742,ELECTRIC 2000 LTD,47 SPEERS RD,R2J 1M3,204-256-1239,WINNIPEG
743,Electric Repair and Machine Co.,"37 Stoffel Drive, Unit 8",M9W 5A3,(416)251-1015,Toronto
744,ELECTRICAL CONTRACTORS ASSOC OF ...,"10 CARLSTON COURT, SUITE 703",M9W...,(416)675-3226,TORONTO
745,ELECTRICAL CONTRACTORS ASSOC OF ...,86 Greenfield Avenue,K1N 0A6,(613)238-1124,Ottawa
746,Electrical Industry of Ottawa H&B Trust Fund,"In Trust for Clearing, c/o Elleme...",R3M ...,,Winnipeg
747,ELECTRICAL INDUSTRY OF OTTAWA VA...,"C/O IBEW LOCAL 586, 1178 RAIN...",K1J ...,(613)231-2266,GLOUCESTER
748,Electrical Power Systems,"190 Attwell Dr., Suite 580",M9W 7K7,416-213-0266,Toronto
749,Electrical Power Systems Construction Asso...,"190 Attwell Drive, Suite 580",M9W 7K7,,Etobicoke
750,ELECTRICAL SAFETY AUTHORITY,400 SHELDON DR UNIT 1,N1T 1J2,(877)372-7233,CAMBRIDGE
751,ELECTRICAL SOLUTIONS INC,3217 GIFFEN RD N,T1H 6T0,403-328-4656,LETHBRIDGE
752,ELECTRO RENT LLC,"210 BRUNEL ROAD, UNITS 1& 2",L4Z ...,(800)268-0216,MISSISSAUGA
753,ELECTROCHEMICAL DEVICES INC,13640 OLD STATE RD,44062,440-632-5616,MIDDLEFIELD
754,ELECTRO-METERS COMPANY LTD,P O BOX 308,L1V ...,(905)428-3413,PICKERING
755,ELECTROZAD/SONEPAR CANADA INC S...,250 CHRYSLER DR UNIT 6,L6S 6G3,(905)595-1271,BRAMPTON
756,ELEMENTS ENGINEERING INC,136 CENTRE STREET,L4G 1J4,905-727-4198,AURORA
757,ELEVATED SOLUTIONS LIMITED,80 BEACONSFIELD WAY,B4E 0G1,902-817-7187,MIDDLE SACKVILLE
758,ELEXICON ENERGY INC,"100 TAUNTON RD E, PO BOX 59",L1N ...,(905)427-9870,WHITBY
759,Elgin Mills Sheet Metal Supplies Inc,15 Gurney Crescent,M6B 3Y1,(416)850-2557,North York
760,ELHART'S ELECTRIC & ELECTRONICS,954 - 19TH ST SW,T1A ...,(403)528-9809,MEDICINE HAT
761,ELITE BOOM & EQUIPMENT REPAIR LTD,"7665 SIDE ROAD 21,R.R. # 1",K2M 2Z2,519-710-6710,ARTHUR
762,ELITE FIRE PROTECTION,11-358 EDGELEY BLVD,L4K 2L2,(416)505-2456,CONCORD
763,ELKOR TECHNOLOGIES INC,6 BAINARD STREET,N6P 1A4,519-502-8944,LONDON
764,ELLE DESIGN,33 GOLFVIEW AVE,M4L 2C2,416-454-9822,TORONTO
765,ELLESMERE FABRICATORS LTD,200 NUGGET AVENUE,M1S 4N6,416-292-5550,SCARBOROUGH
766,EMCO Corporation,PO BOX 58030,M6A ...,1-800-486-7778,NORTH YORK
767,EMERGENCY LIGHTING SERVICE,114 GALAXY BLVD,M9W 6J6,"416-749-7818,ext 230",ETOBICOKE
768,EMERGMART RESPONSE SYSTEMS INC,141-190 HARDING BLVD W,L4C 9M7,(905)479-3500,RICHMOND HILL
769,EMILIA NAWROT,563 ASHFIELD CT,L1V 5M5,,PICKERING
770,EMKAY CANADA LEASING CORP,440-55 STANDISH COURT,L4Z 2G2,(855)225-5575,MISSISSAUGA
771,EMPIRE MACHINERY & TOOLS LTD,"390 EAGLE DR, BOX 20 G...",R3C ...,(204)779-7791,WINNIPEG
772,EMPIRE ROOFING CORPORATION,4810 WALKER RD,N8Y 4X0,519-969-7101,WINDSOR
773,EMPOWER SOLUTIONS INC,786 FIRTH COURT,L3Y 9C1,647-562-4458,NEWMARKET
774,EMWORKS INC,"150 MONTREAL-TORONTO BLVD, SUITE 120",H8S 4M1,1-800-397-1557,LACHINE
775,En Mar Systems Limited,"1285 Eglington Ave E., Unit # 30",,905-624-7457,Mississauga
776,ENBRIDGE GAS DIST INC,"PAYMENT PROCESSING DEPT, PO BOX 644",M1K ...,(877)362-7434,SCARBOROUGH
777,ENBRIDGE GAS DIST INC AC:838083/840...,PO BOX 644,M1K ...,(877)362-7434,SCARBOROUGH
778,ENBRIDGE GAS DIST INC AC:9100350444...,"Payment Processing Dept, PO Box 644",M1M...,(877)362-7434,Scarborough
779,Endress + Hauser Canada,1075 Sutton Drive,L7L 6A6,905 681 4360,Burlington
780,ENER3 SOLUTIONS INC,7007 ISLINGTON AVE SUITE 24,M9P 3M7,416-746-4333,TORONTO
781,ENERCARE HOME SERVICES,"C/O T46600, PO BOX 4...",M5W...,1-855-642-8607,TORONTO
782,ENERGY CONTROLS & MECHANICAL SE...,10-565 TRILLIUM DR,N2E 1X2,(519)893-2638,KITCHENER
783,ENGINEERED AIR,1401 HASTINGS CRES S E,T2G 4C8,(403)287-2590,CALGARY
784,Engineered Foam Products,C/O T9680 Po Box 9680 Stn A,,416-749-0600,Toronto
785,ENGINEERING LINK INCORPORATED,901-375 UNIVERSITY AVENUE,M5G ...,647-960-1969,TORONTO
786,ENKOMPASS POWER AND ENERGY,"4 HOLLAND DRIVE, UNIT 8",L7E 4Z7,289-616-0400,BOLTON
787,ENOVA POWER CORP,301 VICTORIA ST S,N2G 4L2,(519)745-4771,KITCHENER
788,Enscaf Corp,210 Cochrane Dr. Unit 8,L3R 8E3,416-613-2828,Markham
789,ENSIL INC,8 DENISON ST,L3R 1B5,"905-479-6979,EXT 888",MARKHAM
790,ENTEGRUS POWERLINES INC,"320 QUEEN ST, PO BOX 70",N7M ...,519-352-6300,CHATHAM
791,ENVIRO BALANCE INC,159 VARSITY RD,M6S 4P4,(416)766-5867,TORONTO
792,Environ,367 Oakdale Rd,M3N 1W7,(416)745-0144,Downsview
793,ENVIRONMENTAL ACOUSTICS INC,405 BRUNEL RD,L4Z 1Z5,(905)238-1077,MISSISSAUGA
794,ENVIROTECH OFFICE SYSTEM INC,UNIT B - 7345 EAST DANBRO CRES,L5N 8H9,(905)363-4799,MISSISSAUGA
795,ENWIN UTILITIES LTD,4545 RHODES DRIVE,N8W 5B3,519-255-7423,WINDSOR
796,EOS HEATING AND AIR INC,10 SULMON ST,K0K 1K0,613-885-1466,BELLEVILLE
797,EOS Mechanical Inc.,"30 Great Gulf Drive., Unit 27",L4K 2K7,(647)621-6811,Vaughan
798,EPI FIRE PROTECTION INC,675 GARYRAY DR,L4L 3S8,(416)746-2225,TORONTO
799,EPITRON INC,841 PINE ST.SOUTH,P4N 2M3,705-267-7382,TIMMINS
800,EPM MECANIC,2425 RUE MICHELIN,H7L 3H7,"514-332-4830, EXT 1304",LAVAL
801,EPOXY SOLUTIONS CANADA INC,11-185 ADVANCE BLVD,L6T 1A4,905-455-1600,BRAMPTON
802,EPSCA ASSOCIATION FUND,"190 ATTWELL DR, SUITE 580",M9W 7K7,(416)213-0266,ETOBICOKE
803,EPTCON LTD,1477 BISHOP STEET NORTH,N3H 2S3,519-620-4414,CAMBRIDGE
804,EQUIPMENT CORPS INC,1256 ARVIN AVE,L8E 2Y9,(905)545-1234,STONEY CREEK
805,ERIC EVANS,2 Audubon Way,L0E 1A0,(613)633-9278,Baldwin
806,ERICKSON'S ELECTRIC (1975) LTD,1433 - 101 AVENUE,V1G 1Z8,(250)782-7075,DAWSON CREEK
807,ERIKA CARBONARA,2053 MCNEIL ST,L9S 4B2,,INNISFIL
808,Es Gallagher Sales Ltd.,920 Caledonia Road,M6B 3Y1,416 789 5385,Toronto
809,ESSEX POWERLINES CORPORATION,2730 HIGHWAY # 3,L0S 1R0,519-737-9811,OLDCASTLE
810,ET TRANSPORT,7300 KEELE STREET SUITE 200,L4K 2Z5,905-669-0481,VAUGHAN
811,ETAP CANADA LTD,"102,1289-91 STREET SW",T6X ...,780-758-0500,EDMONTON
812,ETO SOLUTIONS CORP,"9030 LESLIE STREET, SUITE 300",L4B 4A3,289-637-2700,RICHMOND HILL
813,ETR- 407 EXPRESS TOLL ROUTE,"PO BOX 407 STATION ""D""",M1R ...,(888)407-0407,SCARBOROUGH
814,EUGENIA ZHANG,141 OAKBOROUGH DR,L6B 1N6,,MARKHAM
815,EUROFAB INC,432 QUEEN ST W,M5V 2A8,(416)504-2866,TORONTO
816,EVANS PLUMBING & MAINTENANCE,,,705-644-0261,
817,EVENTS YOU WANT,"2 BLOOR STREET EAST,SUITE 3500",M5T 1G1,416-400-9303,TORONTO
818,EVERGUARD FIRE SAFETY LTD,126 GLENCOE DRIVE,A1N 4R8,579-987-4352,MOUNT PEARL
819,EVERYDAY ELECTRICAL INC,5 BAYVIEW HEIGHTS,A0G ...,709-571-1253,CENTREVILLE-WA
820,EVERYDAY OFFICE SUPPLIES INC,PO BOX 91525,M6E ...,416-652-6829,TORONTO
821,EVITT ELECTRIC CO LTD,4791 TEBO AVENUE,V9Y 5N3,(250)724-1931,PORT ALBERNI
822,EXACTA FABTOOL 2010 ULC,120 VANKIRK DRIVE,L7A ...,905-840-2240,BRAMPTON
823,EXCELLENCE SECURITY INC.,6680 Concession 1,N3C 2V6,519-573-6767,Puslinch
824,EXFO INC,400 AVENUE GODIN,G1M 1E7,(800)663-3936,QUEBEC
825,"Exothermics, Inc.",5040 Enter...,,419-729-9726,Toledo
826,Extendicare Scarborough,3830 Lawrence Ave East,M1G 1R6,,Scarborough
827,EZ GLASS CANADA,"c/o 2247553 ONTARIO INC, 47 CREST...",L4J 1...,416-668-9119,THORNHILL
828,FAB TECH DESIGNS LTD,1-402 HARMONY RD,K0K 2B0,519-778-0099,AYR
829,FAIRGREEN SOD FARMS LTD,10378 HWY48,L3P ...,905-640-9090,MARKHAM
830,FAIRLIGHT DISPOSAL INC,"C/O REDBINS, 7 CONNIE ...",M6L ...,(416)733-2467,TORONTO
831,FAIZUL HOUSAIN/SUPREME PRODUCT &...,228 CHURCH STEET NORTH,L9R 0G3,647-573-8202,ALLISTON
832,FAMILY PLUMBING and HEATING INC,855 ARCOLA AVENUE,S4N 3Z9,306-519-3722,REGINA
833,FAN DYNAMICS INC,5-1730 BISHOP ST N,N3H 2S3,519-740-7600,CAMBRIDGE
834,FANCOM CONNECTS LTD,"92 LAKESHORE ROAD EAST, UNIT 5A",L5G 1E2,905-990-4845,MISSISSAUGA
835,FAR NORTH CONTRACTING INC,PO BOX 731-81 HWY 105,P0V ...,807-727-3533,RED LAKE
836,FAST KITCHEN HOODS INC,10400 BLVD DU GOLF,H1J 2Y2,1-866-439-7984,ANJOU
837,FASTENAL CANADA LTD,900 WABANAKI DR,N2C 2G4,(905)305-6379/705-498-...,KITCHENER
838,FASTENING HOUSE INC,160 BASS PRO MILLS DR,L4K 5W4,(905)669-7448,VAUGHAN
839,FASTSIGNS,16-3600 LANGSTAFF RD,L4L 9...,(905)266-2815,VAUGHAN
840,FASTSIGNS 512501,3513 LAKE SHORE BLVD.WEST,M8W 1N5,289-324-0365,TORONTO
841,FASTSIGNS-511101,"234 MATHESON BLVD, EAST",L4W 4Z2,905-624-3200,MISSISSAUGA
842,FATA AUTOMATION INC,2333 E. WALTON BLVD,48326,"248-724-7660, EXT 142",AUBURN HILLS
843,FEDERAL EXPRESS CANADA CORPORA...,PO BOX 4626 TORONTO STN A,M5W...,(800)463-3339,TORONTO
844,Federated Custom Brokers Limited,2580 Matheson Blvd. E.,L4W 4Z2,905-206-1166,Mississauga
845,FEDEX TRADE NETWORKS CANADA,"BOX 916200 PO BOX 4090, STATION A",M5W...,(800)463-3339,TORONTO
846,FESTIVAL HYDRO INC,"P O BOX 397, 187 ERIE ...",N5A ...,(866)444-9370,STRATFORD
847,"FIBERGRATE DIVISION,RPM CANADA",1000 THORNTON RD S,L1N 7G4,905-430-3010,OSHAWA
848,Fibrecast Inc.,3264 Mainway,L7M 1A7,905-319-1080,Burlington
849,FIBREGLASS SOLUTIONS INC,1188 WELFORD PLACE,N4V 0A2,519-539-3323,WOODSTOCK
850,FIBREGUY INC,57 BANTING CRES,L6Y 2M5,(647)504-3266,BRAMPTON
851,"FIEGEL & CARR LAW FIRM, PLLC","135 DELAWARE AVE, SUITE 307",14202,716-847-7895,BUFFALO
852,FIELD CONSTRUCTION,"1739052 ONTARIO INC, 25 FORFA...",N3W...,,CALEDONIA
853,FIRE + SOUTH -WEST ONT/ALL PROTEC...,"1185 FRANKLIN BLVD., UNIT 2",N1T 1J2,,CAMBRIDGE
854,FIRE MONITORING OF CANADA INC,"235 MARTINDALE RD, #19",L2R 5L3,905-688-0600,ST.CATHARINES
855,FIREPOWER FINANCIAL CORPORATION,"47 FRONT ST E, SUITE 200",M5E 1B4,,TORONTO
856,FIRESTOP DIRECT,152 GEOFFREY ST,M6R 2M6,(416)275-6885,TORONTO
857,FIRETRACE INTERNATIONAL/FIRETRAC...,"8435 N.90TH STREET, SUITE 2",85258,480-607-1218,SCOTTSDALE
858,FIRST CLASS CARPET INC/FIRST CLASS...,10 MARMAC DRIVE,M9W 1H3,416-740-6183,ETOBICOKE
859,FIRST GENERAL TORONTO WEST/26915...,331 EVANS AVENUE,M8Z 1K5,,ETOBICOKE
860,FIRST LINE ELECTRIC LIMITED,9130 FIRST LINE NASSAGAWEYA,L0P 1B0,(905)592-1322,MOFFAT
861,FIRST LINE SCANNING & LOCATES INC,8 MULLEN PLACE,L7G 0P7,647-395-7226,GLEN WILLIAMS
862,FIRSTSERVICE RESIDENTIAL,200-89 SKYWAY AVE,M9W 6R7,(416)847-1365,TORONTO
863,FISHER AND MILLER LTD,7540 CONCESSION 6,L0C 1C0,905-955-5077,UXBRIDGE
864,FIT TO CLEAN,10-104 KELLIES WAY,L6Y ...,(705)888-1315,BLUE MOUNTAINS
865,FITTZ COMMERCIAL INTERIORS INC,1377 THE QUEENSWAY UNIT 100,M8Z 5J3,416-503-3637,ETOBICOKE
866,FIVE NINES TECHNICAL SERVICES INC,45 DAYFOOT ST BOX 361,L0G ...,(416)770-4062,BEETON
867,FIVE9 SOLUTIONS INC,"330 TRILLIUM DR, UNIT A",N2E 2K6,"1-888-456-2020,EXT 5910",KITCHENER
868,Fives North American Combustion,"Po Box 15202, Station A",,905-857-3337,Toronto
869,Fives North American Manufacturing,540 Piercey Road,,905-857-3337,Bolton
870,FIX AUTO MARKHAM,"7605 WOODBINE AVE, UNIT 2",L3R 2N6,905-477-6148,MARKHAM
871,FIX-RITE AUTOTECH,6084 SHAWSON DR,L5T 1X3,(905)677-7400,MISSISSAUGA
872,FJD ENGINEERING GROUP/934091 ONT...,"171 Rosa Street, 934091 On...",L9L 1L7,905-435-7470,Port Perry
873,FLEX-PRESSION ONTARIO,900-910 D' UPTON STREET,H8R ...,905-671-2244,LASALLE
874,FLEXWOOD FINE CABINETRY/FLEXWOO...,431 CARLINGVIEW DRIVE,M9W 5G3,905-564-3148,ETOBICOKE
875,FLIR UNMANNED AERIAL SYSTEMS ULC,"675 TRADEWIND DRIVE, UNITS 1&2",L9G ...,(800)613-0507,ANCASTER
876,FLOVAL EQUIPMENT LTD,"250 RAYETTE ROAD, UNIT 1",L4K 1Z1,905-669-4500,CONCORD
877,FLUKE ELECTRONICS CANADA INC,400 BRITANNIA RD. E. UNIT #1,L4W 2P7,(905)890-7600,MISSISSAUGA
878,FLYNN BURNER CORPORATION,"225 MOORESVILLE BLVD, 2811...",L4V ...,704-660-1500,MOORESVILLE
879,FLYNN CANADA LTD,6435 NORTHWEST DR,L4V 1R5,(905)671-3971,MISSISSAUGA
880,FM SYLVAN CANADA LTD,3260 ODESSA DR,N8N 2X2,(519)948-8825,TECUMSEH
881,FOCAL POINT CONNECTIVITY INC,115 Idema Road,L3R 1B1,(416) 717-0682,Markham
882,FOCUS FLOORING & CONSTRUCTION INC,96 DELREX BLVD,L7G 1P9,416-997-6768,GEORGETOWN
883,FOERS PRESSURE INC.,6550 King Vaughan Road,L0G 1N0,,Kleinburg
884,FOLEY COATING INC,2100 CHURCH ST N,L0H 1H0,905-428-8515,AJAX
885,FORAN'S ROOFING & SHEETMETAL LIMI...,400 HOPKINS STREET,L1N 2K4,905-668-3244,WHITBY
886,FORESIGHT SPORTS CANADA/2356918 ...,120 ORIOLE PKWY,M5P 1A4,"226-499-7108, EXT 102",ELMIRE
887,FORM & BUILD SUPPLY INC/FORM & BUI...,7456 TRANMERE DRIVE,L5S 1M7,800-563-2285,MISSISSAUGA
888,FORTECH ENGINEERING LTD,108-420 WES GRAHAM WAY,N2L ...,519-745-2900,WATERLOO
889,FORTRESS GROUP INC,85 BAFFIN PL,N2V 1Z7,(519)747-4604,WATERLOO
890,FOSS NATIONAL LEASING,801-125 COMMERCE VALLEY DR W,L3T 7M8,(905)886-2522,MARKHAM
891,FOSTER AIR CONDITIONING LTD,549 KELVIN ROAD,V8Z ...,250-475-0500,VICTORIA
892,FOUR LAKES MECHANICAL (AB) LTD,201-17615 105 AVE NW,T5S ...,866-640-5429,EDMONTON
893,FOUR O ONE ELECTRIC LTD,20 COWAN AVE P O BOX 1665,K6V ...,(613)342-6042,BROCKVILLE
894,FOUR POINTS LOGISTICS,"1716302 ONTARIO INC, 7481 WOO...",L3R ...,905-305-0071,MARKHAM
895,FPR ENVIRONMENTAL,"FPR RENOVATIONS INC, 5-11 CENT...",N2B ...,519-568-8222,KITCHENER
896,FRANCIS H V A C SERVICES LTD,1-81 AURIGA DR,K2E 8C3,(613)723-7869,OTTAWA
897,FRANKLIN EMPIRE INC,350 CARLINGVIEW DR,M9W 5G3,416-299-4443/514-341-3...,ETOBICOKE
898,FRANKLIN EMPIRE INC QUEBEC,,,,GATINEAU
899,FRASER ELECTRIC LTD,208 COMEAU CRES,T9K ...,780-531-8104,FORTMCMURRAY
900,Fraser Ford Sales Limited Svt,815 King Street West,L1J 2L4,905-576-1800,Oshawa
901,FREDDIE OFFICE FURNITURE INSTALLA...,2108-5 DUFESNE CRT,M3C ...,416-999-7248,TORONTO
902,FREEZE GUARD SERVICES,66 RUBY CRES,L4S 0B6,416-731-7650,RICHMON HILL
903,Fry's Filters Inc.,"2889, 11 Th Line East",,705-653-1202,Marmora
904,FULLER LANDAU LLP,"ACCTS RECEIVABLE, 151 BLOO...",M5S ...,(416)645-6500,TORONTO
905,FUTECH OTTAWA INC,1475 STAR TOP RD,K1B 5P5,613-244-1595,GLOUCESTER
906,Future Link Communications A Div Of,"1353479 Ontario Limited, 4-4025 Sla...",,905-607-0208,Mississauga
907,G AND A LOCK AND SECURITY LTD,2090 SHIRLEY DRIVE,N2B 3X4,519-744-3584,KITCHENER
908,G R T GENESIS INC,2-190 MATHESON BLVD E,L4W 4Z2,(905)452-0552,MISSISSAUGA
909,G T WOOD CO LTD,3354 MAVIS RD,L5C 1T8,(905)272-1696,MISSISSAUGA
910,G&G ELECTRONICS,"TSUYUKI CORP, 4371 KING...",M1E ...,,WEST HILL
911,G&G SHEET METAL LIMITED,"3-14 GORMLEY INDUSTRIAL AVE, PO BOX 749",L0H ...,(905)888-7728,GORMLEY
912,G&K Services Canada Inc.,Dept 400004 Po Box 4372 Stn A,,519-979-5913,Toronto
913,G&S HERMETIQUE INC,1700 GUILLET,H7L 4R3,(450)681-4806,LAVAL
914,G.P.R COMMUNITATIONS INC,"CP 50082, CP de Touraine",J4B ...,647-354-2189,Boucherville
915,G.TARI CONSULTING/COMPLETE HOME ...,24 ZIMA CRESCENT,L3Z 1Y9,416-432-2071,BRADFORD
916,GALAXY IRON WORKS & RAILINGS,"C/O 2271511 ONTATIO LTD, 60 RAYET...",L4K ...,905-660-2204,CONCORD
917,GAMMA STEEL INC,64 PARNELL CRES,L1R 3P8,905-409-8670,WHITBY
918,GANDER ELECTRICAL & MECHANICAL LTD,2 MCCURDY DR,A1V 1P7,(709)256-2550,GANDER
919,GAP ELECTRIC LTD,143 KAM LAKE RD,X1A 2Z1,(867)669-0776,YELLOWKNIFE
920,GAP WIRELESS INC,"2880 ARGENTIA RD, UNIT 8 & 9",L5N ...,(905)826-3781,MISSISSAUGA
921,GARDENZILLA LTD,618 O'CONNOR DRIVE,M4C 2V2,647-461-0285,TORONTO
922,Gardiner Roberts Llp,"22 Adelaide St. W., Suite 3600, Bay Adelai...",,416-865-6600,Toronto
923,Garth Industrial,46 Taber Road,M9W 3A5,416 747 0511,Etobicoke
924,GARY JONAS COMPUTING LTD,"8133 WARDEN AVENUE, SUITE 400",L6G 0B5,905-470-4600,MARKHAM
925,GASTON MERCIER ET FILS INC,3705 RUE ISABELLE,J4Y 2R3,(450)679-9555,BROSSARD
926,GATEWAY MECHANICAL SERVICES INC,14605 118 AVE,T5W 4W6,800-414-4929,EDMONTON
927,GBE MECHANICAL/GANNON/BLACKBUR...,25-2000 THURSTON DRIVE,K1G ...,613-738-9165,OTTAWA
928,GCECC No. 125,"PO BOX 100,200 BRUCE STREET",N0H ...,519-599-3585,THORNBURY
929,GDLC EXCAVATION INC,"8547, 10 E AVENUE",H1Z ...,,MONTREAL
930,GEI CONSULTANTS,"C/O T9694, P.O.BOX 9...",M5W...,1-519-824-8150,STN A TORONTO
931,GEO T WHITE COMPANY LIMITED,1665 TURNER ROAD,N8W 3P3,(519)256-2331,WINDSOR
932,GEOGRAPHICS COMPANY INC,3-38 AUTOMATIC ORAD,,905-790-0036,BRAMPTON
933,GEORGE MARTIN & SONS INC,171 MEDORA ST,P0B 1J0,(705)765-5006,PORT CARLING
934,GEORGINA BLAZE U9MD,,,,
935,GEOSCAN SUBSURFACE SURVEYS INC,A9-5279 STILL CREEK AVENUE,V5C ...,604-436-7226,BURNABY
936,GERARD DANIEL WORLDWIDE LTD,"205 COURTNEYPARK DRIVE W,SUITE 101",L5T 0A4,905-670-8558,MISSISSAUGA
937,GERRARD HARDING INDUSTRIAL INC,115 CONIFER CRT,L1G 6X6,905-243-6492,OSHAWA
938,GERRIE ELECTRIC WHOLESALE LIMITED,624 Millway Ave,L4K 3T8,(905)681-3656,Vaughan
939,GESTION ZABAR,6088 DAVID LEWIS,H3X 4A3,(514)591-6000,COTE SAINT-LUC
940,GFL ENVIRONMENTAL SERVICES INC,P.O.BOX 37 STN MAIN,L4K ...,800-263-8602,CONCORD
941,Ggnb Engineering,321 Durham Regional Rd 8,,905-852-3594,Uxbridge
942,GHD LIMITED - WATERLOO,455 PHILLIP STREET,N2L 6C7,(519)884-0510,WATERLOO
943,GIALLONARDO ENGINEERING INC,220-4550 HIGHWAY 7,L4L 9T8,416-561-1032,WOODBRIDGE
944,GIBSON GROUP MANAGEMENT INC,8828 PIGOTT RD,V7A 2A5,(604)241-1297,RICHMOND
945,GIFCON EQUITIES LTD,441 CARLINGVIEW DR,M9W 5G3,,ETOBICOKE
946,GIFFIN HOLDINGS LIMITED,441 CARLINGVIEW DR,M9W 5G3,,ETOBICOKE
947,Giffin Holdings Limited,133 Bridgeland Avenue,M6A 2Y6,,Toronto
948,"GIFFIN, INC",1900 BROWN ROAD,48326,248-494-9600,AUBURN HILLS
949,"Giffin, Thomas P",133 Bridgeland Avenue,M6A 2Y6,416 781 6166,Toronto
950,GIL URMAN ENTREPRENEUR GENERAL,2840 RUE SABOURIN,H4S 1P8,514-484-4206,MONTREAL
951,GIL-SON CONSTRUCTION LTD,1 MILLS DRIVE,B3T 1P3,905-450-5254,HALIFAX
952,GIP INDUSTRIAL INC,100 COMMERCE VALLEY DR W,L3T 7M8,416-633-9670,MARKHAM
953,GI Stebbins Co,"22-225 Sheldon Drive, (A Division ...",,519-455-1350,Cambridge
954,GLAHOLT BOWLES LLP,"141 ADELAIDE ST W, STE 800",M5H 3M7,(416)368-8280,TORONTO
955,GLENFORD LAUGHTON,100 RAGLAN AVE UNIT 711,M5P 3L3,(647)478-1290,TORONTO
956,GLENS HEATING SOLUTIONS,PO BOX 571,,705-840-2286,NORTH BAY
957,GLOBAL ELECTRICAL SYSTEMS,61080 ROMEO PLANK RD,48096,248-635-5725,RAY
958,GLOBAL INDUSTRIAL CANADA,"aka AVENUE INDUSTRIAL SUPPLY CO LTD, 110-35 ST...",L4B ...,(888)628-3466,RICHMOND HILL
959,Global Payment Canada,3381 Steeles Ave E,M2H 3S7,(800)361-8170,North York
960,GLOBAL SPECTRUM FACILITY MANAT,75 CARL HALL ROAD,M3K 2B9,,TORONTO
961,GLP CANADA LTD,3-2425 WYECROFT RD,L6L 7...,905-845-7558,OAKVILLE
962,GLS LOGISTICS SYSTEMS CANADA LTD,"BOX 11118, STATION ...",H3C ...,514-636-8666,MONTREAL
963,Gmac Financial Services,"Po Box 5000, Station D",,800-616-GMAC,Etobicoke
964,GNV Technology Ltd,539 Westney Road South,L1S 7G9,(905)424-7767,AJAX
965,GO GLASS and ACCESSORIES,"C/O 2559275 ONTARIO INC, 106-486 W...",N2L ...,519-746-7700,WATERLOO
966,Go-For Industries Inc.,"Po Box 8704, Station A",,,Toronto
967,GOLDEN GATE CONSTRUCTION LTD,1-35 TRILLIUM DR,N2G 3X7,226-338-3656,KITCHENER
968,GOLDER ASSOCIATES LTD,100-6925 CENTURY AVE,L5N ...,(905)567-4444,MISSISSAUGA
969,GOODMEN CORPORATION,246 Brockport Drive,M9W 5B1,,Etobicoke
970,Gordon Bay Marine,55A Hatherley Road,M6E 1Y2,,Mactier
971,GORDON R. WILLIAMS CORPORATION,"3750A LAIRD RD, UNIT 1",L5L 5Z7,905-820-1400,MISSISSAUGA
972,Gorski Plener & Associates,89 GRANTON DR,L4B 3J9,(905)851-3991,RICHMOND HILL
973,GOTCHA WILDLIFE REMOVAL SERVICES...,1434 SEABRING STREET,L1J 3W6,1-647-461-7632,OSHAWA
974,GOYEA MECHANICAL SERVICES INC,5480 OLDCASTLE COURT,N0R ...,519-250-0116,WINDSOR
975,Graham Construction And Engineering,6108 Edwards Boulevard,L5T 2Z3,905-694-4000,Mississauga
976,GRAITEC INC,SUITE 201-2030 BOULEVARD,H2A 1Y9,404-564-1896,PIE-IX MONTREAL
977,GRAND RIVER INSULATION INC/2501195 ...,435 CONSTOGO RD,N2L ...,519-742-4100,WATERLOO
978,GRAND VALLEY CONST ASSOC,25 SHELDON DR,N1R 6J7,(519)622-4822,CAMBRIDGE
979,GRAND VALLEY MECHANICAL LTD,328 PARK AVENUE EAST,R7A 7X0,204-727-2333,BRANDON
980,GRANDBRIDGE ENERGY INC,"39 GLEBE ST, PO BOX 1...",N1R ...,519-621-3530,CAMBRIDGE
981,GRANT GIFFIN,167 Pinewood Trail,L5G 3R2,,Mississauga
982,GRAVES ELECTRICAL LTD,"P O BOX 306, 273 FORE...",B5A ...,(902)742-9372,YARMOUTH
983,GRAYBAR CANADA LIMITED,130 HAYWARD AVE,N2C 2E4,(519)576-4050,KITCHENER
984,GREATER TORONTO FIRE PROT LTD,111 WARREN ROAD,L1N 2A3,647-256-3473,WHITBY
985,GRECON CONSTRUCTION INC,29 GOSLING RD,L6A 1R8,416-888-2405,MAPLE
986,GREEN AGAIN IRRIGATION INC,13854 BATHURST ST,L4G 0E1,(416)999-4141,KING CITY
987,GREEN CLEAN MOBILE WASH INC,80 SHORNCLIFFE RD,M8Z 5K7,416-262-9900,TORONTO
988,GREEN LINE HOSE AND FITTINGS LTD,UNIT B-380 COURTNEYPARK DRIVE E,L5T 0A4,905-696-7490,MISSISSAUGA
989,GREEN-PORT ENVIRONMENTAL MANAG...,64 TODD RD,L7G 4R8,(905)873-8561,GEORGETOWN
990,GREENWAY ECO SERVICES INC,5694 HWY 7,L4L 2C7,(905)605-4022,WOODBRIDGE
991,GREG PETERS ELECTRIC LTD,P O BOX 181,B1P ...,(902)564-6486,SYDNEY
992,GREY BRUCE ENERGY SYSTEMS,227 12TH AVE,N4N 2S8,226 668 7806,HANOVER
993,Greystone Energy Systems Inc.,150 English Dr.,E1E 4A6,506-853-3057,Moncton
994,GREYSTONE INDUSTRIAL SERVICES INC,5 CARLOW COURT,L1N 2A3,(905)668-0155,WHITBY
995,GRID UTILITY CONSTRUCTION INC,204-1255 TERWILLEGAR AVENUE,L1J 7...,905-213-5780,OSHAWA
996,GRIDSHIELD CSI INC,"850 BROCK ROAD, UNIT 3",L1W 3X3,(613)223-8151,PICKERING
997,GRIZZLY CONCRETE CUTTING INC,1600 SEDLESCOMB DR,L4X 1L5,(905)282-0739,MISSISSAUGA
998,GROUPE GCE INC,9 AVE CRABTREE,N6G 2H5,(506)739-7373,EDMUNDSTON
999,GS GRAPHIC SOLUTIONS INC,"10 STALWART INDUSTRIAL DRIVE,UNIT 5",L4A 2J4,905-888-6666,GORMLEY
1000,GTA MECHANICAL CONTRACTORS/GRIS...,"50 PAXMAN ROAD, UNIT 1",M9C 1B7,416-621-9991,ETOBICOKE
1001,GTECK ADVANCED TECHNOLOGY,"2400 SKYMARK AVE, UNIT 7B",L4W 4Z4,416-235-1818,MISSISSAUGA
1002,GTT ONSET,5629 McAdam Rd,L4Z 1N9,(090)584-9300,Mississauga
1003,GUARDIAN PLUMBING AND HEATING,"GUARDIAN PLUMBING AND HEATING LTD, 3710 52 ST",S9V ...,306-825-2949,LLOYMINSTER
1004,Guide Valve Limited,"51 Terecar Drive, Unit 1",,905-761-7877,Woodbridge
1005,GUILD ELECTRIC LIMITED,470 MIDWEST RD,M1P 2X6,416-288-8222,TORONTO
1006,GUILLEVIN INTERNATIONAL CIE/CO,300 EDGELEY BLVD,L4K 3Y4,289-474-0363,CONCORD
1007,GWL REALTY ADVISORS INC,4 KING STREET WEST,M5H 4C7,416-552-5177,TORONTO
1008,Gxs Canada Inc.,"P.O. Box 8912, Station A",,,Toronto
1009,H AND F ELECTRICAL LIMITED,105B CLYDE AVENUE,A1N 4R8,(709)782-3604,MOUNT PEARL
1010,H.THEINER PAINTING LTD,"46 ADVANCE RD, #4",M8Z 2Z8,416-674-7265,ETOBICOKE
1011,Haddon Press Limited,65 Crockford Blvd.,M1R 1Y1,416-977-3780,Toronto
1012,HAINES JONES & CADBURY,330 EXETER RD UNIT C,N6L 1A3,(519)686-4999,LONDON
1013,HAKIM ELECTRONICS INC,41-6033 SHAWSON DRIVE,L5T ...,905-795-0155,MISSISSAUGA
1014,Halco Project Consulting Inc.,"380 Lake Road, Unit 9",L1C 4P8,7059910802,Bowmanville
1015,HALLER MECHANICAL CONTRACTORS I...,1537 MCDOUGALL STREET,N9A 1J2,519-254-4635,WINDSOR
1016,HALTON COURT SERVICES,"Ontario Court of Justice, Prov Offences Office, Halton Cou...",L7M ...,(000)000-0000,Burlington
1017,HALTON HILLS HYDRO INC,43 ALICE STREET,L7J 0A0,519-853-3700,ACTON
1018,HALTON REBAR INC,2701 DURANTE WAY,L9T 5H6,905-878-1631,MILTON
1019,HALYNA'S HOUSEKEEPING SERVICES,"101 SUBWAY CRES, UNIT 1210",M9B 1A1,(647)286-5520,TORONTO
1020,HAMILTON BOILER WORKS LIMITED,105 CASCADE STREET,L8E 0G2,905-561-4233,HAMILTON
1021,Hamilton Electrical Administration Funds,"370 York Boulevard, Unit 102",L8R 2X9,9055221070,Hamilton
1022,HAMILTON SMITH LIMITED,280 Jamieson Bone Road,K8N 5T8,(613)962-2334,Belleville
1023,HAMMOND MANUFACTURING CO LTD,"HAMMOND MANUFACTURING COMPANY LTD, 394 EDINB...",N1H ...,519-822-2960,GUELPH
1024,HAMMOND POWER SOLUTIONS INC,595 SOUTHGATE DRIVE,N1G 3W6,519-822-2441,GUELPH
1025,HAMPTON REGAL INDUSTRIAL GROUP I...,1892 BASELINE ROAD,L1E 2S8,905-433-2221,COURTICE
1026,HANFORD LUMBER LIMITED,45 BETHRIDGE RD,M9W 4X3,(416)743-5384,TORONTO
1027,HANNA MAE ALMENDRALA,"Blk. 5 Lot 27, Tokyo St., Sunnyvale 4",1940,63 994 964 4048,BINANGONAN
1028,HANSEN ELECTRIC LTD,106E KENSINGTON RD,C1A 6N2,902-566-1532,CHARLOTTETOWN
1029,HARBOUR ELECTRIC LTD,55 CLEARWATER DR,A5A 0C2,(709)466-5900,CLARENVILLE
1030,HARBOUR VIEW ELECTRICAL LTD,24 MAPLE ST,B2Y 2X3,(902)880-9893,DARTMOUTH
1031,HARBOURVIEW ELECTRIC LTD,1-5707 SIDLEY STREET,V5J 0A1,604-430-4777,BURNABY
1032,HARRINGTON AND ASSOCIATES CONST...,9821 LESLIE ST. SUITE 105,L4B 4W3,(000)000-0000,RICHMOND HILL
1033,HARRIS PLUMBING INC,7-18 ALLIANCE BLVD,L4M 5K2,(705)730-7950,BARRIE
1034,HARRISON FAE DESIGN INC,"822 RICHMOND ST W, SUITE 103",M6J 2N6,(647)283-9286,TORONTO
1035,HARRISON MUIR INC,7 SANGSTER ROAD,L4A 3C8,905-642-0000,UXBRIDGE
1036,HART PUMP SERVICE (1983) LIMITED,31-150 MILNER AVE,M1B 2V9,(416)445-8088,SCARBOROUGH
1037,HARTLEY AND CO HEATING,2814 NICOLA STREET,V2C 2W8,778-220-2142,KAMLOOPS
1038,HARTMAN ELECTRIC LTD,5031 KEITH AVE,V8G 4K1,1-800-472-6842,TERRACE
1039,HARTWICK O'SHEA & CARTWRIGHT LIMI...,"HOC GLOBAL SOLUTIONS, 3245 AME...",L4V ...,(905)672-5100,MISSISSAUGA
1040,HASSCO INDUSTRIES INC,223 ASHLAND AVE,N5W 5P2,519-451-3100,LONDON
1041,Hazelton Fine Art Galleries Inc.,14 Hazelton Ave,M5R 2E2,(647)748-1000,Toronto
1042,HCC ENGINEERING LIMITED,600-40 EGLINTON AVE E,M3C 1V4,(416)932-2423,TORONTO
1043,HDEZ ELECTRIC LTD,209 WRIGHT AVE,R8A 1M6,(204)271-0482,FLIN FLON
1044,HE RIECKELMAN,3620A ROAD LAIRD UNIT 5,L5L 5R4,(905)569-9440,MISSISSAUGA
1045,"Heatco, Inc.",50 Heatco ...,,1-800-554-1007,Cartersville
1046,HEAVEN CAN WAIT,50 HOLLY STREET UNIT 303,M4S 3C3,416-897-2050,TORONTO
1047,HEBERT ELECTRIK,"636301 N.B.INC, 1162 HOM...",E2A ...,506-544-0361,BATHURST
1048,HERC RENTALS INC,"MATTHEWS EQUIPMENT RENTAL, O/A Herc ..., 35 CLAIRE...",M9W...,(416)679-4180,ETOBICOKE
1049,HERCULES SLR INC,520 WINDMILL RD,B3B 1B3,905-790-3112,DARTMOUTH
1050,HERITAGE CONCRETE PUMPING LTD,165 LANGSTAFF RD,L4J 8...,(416)684-7867,THORNHILL
1051,HEWLETT - PACKARD FINANCIAL SERVI...,5150 SPECTRUM WAY,L4W 5N6,(888)277-5944,MISSISSAUGA
1052,HF EXPERTS-CONSEILS,7375A RUE BEAUBIEN EST,H1M 1B2,514-229-3140,ANJOU
1053,HH GLOBAL MARKETING SERVICES CA I...,"P.O.BOX 12046, STATION A",M9W...,1-847-984-2448,TORONTO
1054,HI PRO SPEED INT'L INC,5367 AYON AVE,91706,626-986-0423,IRWINDALE
1055,HIBOU EDITEURS,4752 GROSVENOR AV,H3W 2L8,514-281-9991,MONTREAL
1056,Higginson Equipment Inc.,"1175 Corporate Dr., Unit 1",L7L 4X6,905-335-2211,Box 5011 Burlington
1057,HIGH STANDARD POWER SYSTEMS LLC,"PO BOX 112283, 7810 Scho...",99518,905-570-6988,ANCHORAGE
1058,High Voltage Power and Civil Limited,441 Carlingview Drive,M9W 5G3,,Etobicoke
1059,HIGHWAY CLEARING WATER & SWEEPI...,50444 PHILLIPS ROAD,L3B 5N8,905-736-0525,WAINFLEET
1060,Hiland Engineering Inc.,3950 14Th Ave Unit 602,L3R 3L0,647-269-2918,Markham
1061,HILL SUPPLIES LTD,157 CROSBY AVE,L4G 3G6,(905)883-0633,RICHMOND HILL
1062,HILLIERS REFRIGERATION LTD,20 MAGEE RD,A1V 2C8,709-256-5040,GANDER
1063,HILTI (CANADA) CORPORATION,PO BOX 4206 STN A,M5W...,(800)363-4458,TORONTO
1064,HIRE SIMPLIFIED,4 RED GATE RD,02081,781-414-9429,WALPOLE
1065,HITACHI ENERGY CANADA INC,180 CONSTELLATION DRIVE,L8E 5H1,905-979-7748,STONEY CREEK
1066,HI-TECH CONCRETE CUTTING INC,71 HEALEY ROAD,L7E 1A1,905-838-2020,BOLTON
1067,HI-TECH NDE INC,241 TOYRORK DR,M9L ...,416-473-8207,TORONTO
1068,HL CONSULTANTS LLC,11351 HANOVER DRIVE,48093,586-215-6124,WARREN
1069,"HMW CONTRACTING,LLC",12855 BURT RD,48223,313-531-8477,DETROIT
1070,Hoffer Mechanical Company Limited,460 Grays Rd.,L8E 2Y9,905-561-6660,Hamilton
1071,Homa Signs Ltd.,176 Bridgeland Avenue,M6A 2Y6,416-782-1617,Toronto
1072,Home Depot Credit Services,"Po Box 675, Station D",,,Scarborough
1073,HOME DEPOT OF CANADA INC,"1 CONCORD GATE,SUITE 400",M3C ...,647-629-1501,TORONTO
1074,HONEYWELL LIMITED (BOX 7401),PO BOX 7401 STN A,M5W...,(800)237-5982,TORONTO
1075,HOOD CHEMICAL/HOOD COMPANIES,"295 ALLIANCE ROAD, UNIT 14",L9T 1Y4,905-876-0707,MILTON
1076,Hopkins Crane Service & Construction/1540...,"1241 Horseshoe Lake Rd, PO Box 875",K0M ...,(705)457-5864,Minden
1077,HORIZON CONCRETE PUMPING,4 WHEELER DR,L7E 4G1,416-779-0848,BOLTON
1078,HORNER APG CANADA INC,"120,916-42 AVENUE SE",T2G ...,403-444-0928,CALGARY
1079,HOULE ELECTRIC LIMITED,5050 NORTH FRASER WAY,V5J 0C6,(604)434-2681,BURNABY
1080,"HOUSE OF ELECTRICAL SUPPLIES LTD,",115B SHIELDS COURT,L3R 0G9,(905)752-2323,MARKHAM
1081,HOWE GASTMEIER CHAPNIK LTD/HGC N...,"2000 ARGENTIA ROAD, PLAZA 1, SUITE 203",L5N ...,905-826-4044,MISSISSAUGA
1082,HOWELL ELECTRIC LTD,984 LAVAL CRESCENT,V2C 5P4,250-374-5771,KAMLOOPS
1083,HSBC Bank Canada,108 - 3601 Highway 7 East,L3R ...,(866)808-4722,Markham
1084,HSBC Leasing,,,,
1085,HSBC MASTERCARD 6135 SAMPEL,PO BOX 11749 STN MAIN,H3C ...,(000)000-0000,MONTREAL
1086,HSI SENSING/HERMETIC SWITCH INC,3100 NORGE RD,73018,405-224-4046,CHICKASHA
1087,HTS Engineering Ltd,115 Norfinch Dr,M3N 1T3,(416)661-3400,North York
1088,HUDCO ELECTRIC SUPPLY LTD,17-2901 STEELES AVE W,M3J ...,416-663-5475,TORONTO
1089,HUDSON SERVICE GROUP LTD,G 31053 PEARDONVILLE ROAD,V2T ...,604-826-7989,ABBOTSFORD
1090,HUMBERVIEW GROUP LEASING INC,1900 VICTORIA PARK AVE,M1R 1T6,(416)491-4000,TORONTO
1091,HURONIA MACHINE SERVICES,45 UNITED DRIVE,L3V 0T7,705-327-2150,ORILLIA
1092,Hvac Depot & Metal Mfg Inc.,6500 Northwest Dr,L4V 1R5,(905)672-0769,Mississauga
1093,HVAC RENTALS,20 SIMPSON RD,L7E 4G1,(416)746-4668,BOLTON
1094,Hydrastone,"3-304 Stone Road West, Unit 531",N1G 2V7,(888)321-8265,Guelph
1095,HYDRO FLO PLUMBING AND HEATING LTD,9604-51 AVENUE NW,T6H 0K5,780-203-2230,EDMONTON
1096,HYDRO ONE INC,"TREASURY DIVISION, 483 BAY S...",M5G ...,877-554-7344,TORONTO
1097,HYDRO ONE NETWORKS INC (BOX 4102),P O BOX 4102 STN A,M5W...,(888)664-9376,TORONTO
1098,HYDRO OTTAWA LIMITED,"2711 Hunt Club Road, PO BOX 8...",K1G ...,(613)738-5499,OTTAWA
1099,HYDRO QUEBEC,C.P. 2020 TROIS-RIVIERES,G9B 0X2,,TROIS-RIVIERES
1100,HYDRONIC SOLUTIONS INC,"505 DOTZERT CRT, UNIT 3 & 4",N2J ...,519-880-3606,WATERLOO
1101,Hydronics Parts Group,777A The Queensway,M8Z 6C7,(416)233-4222,Etobicoke
1102,I & I CONSTRUCTION SERVICES LIMITED,"70 NEWKIRK ROAD,UNIT 6",L4G 3G6,(905)884-1290,RICHMOND HILL
1103,I U O E LOCAL 793 BENEFIT TRUST,"2245 SPEERS RD, ATTN REM...",L6L 6...,(000)000-0000,OAKVILLE
1104,IBEW - 353 TRUST FUND,"TORONTO ELECTRICAL INDUSTRY BENEFIT ..., 705-110 S...",M2N ...,(416)637-6789,TORONTO
1105,IBEW - 402 ECATB,910 COBALT CRES,P7B 5W3,,THUNDER BAY
1106,IBEW - 402 ECATB,910 COBALT CRES,P7B 5W3,(000)000-0000,THUNDER BAY
1107,IBEW - 402 UNION BENEFITS,"151 FROBISHER DR, SUITE E-220",N2V 1Z8,(000)000-0000,WATERLOO
1108,IBEW 353 - NORTH ADMINISTRATOR,"TEIBAS LTD (EPSCA), 705-110 S...",M2N ...,4166376789,TORONTO
1109,IBEW 804 RECREATION FUND,5158 FOUNTAIN BTREET,N0B ...,,BRESLAU
1110,IBEW LOCAL 1687,"ATTN: AMY DESJARDINS, 1204 ST J...",P3A ...,(705)566-1687,SUDBURY
1111,IBEW Local 303 Benefit Trust,"UNION BENEFITS, 151 FROBI...",N2V ...,(519)725-8818,WATERLOO
1112,IBEW LOCAL 353,1377 LAWRENCE AVE E,M3A 1C3,(416)510-3530,TORONTO
1113,IBEW LOCAL 402,"ADMINISTRATOR, UNION FUNDS, 910 COBA...",P7B ...,(000)000-0000,THUNDER BAY
1114,IBEW LOCAL 586,"2460 Lancaster Road, Unit 103",K1B ...,6137415664,Ottawa
1115,IBEW Local 804,"Union Benefits, 151 Frobis...",N2V ...,(519)725-8818,Waterloo
1116,IBEW LOCAL 804 (rec fund),5158 FOUNTAIN STREET,N2A 0E4,"519-648-3993, EXT 202",BRESLAU
1117,IBEW LU 120 Health and Welfare Plan,"6688 Tempo Road, PO Box 32...",N6P ...,5196522929,London
1118,IBEW LU 120 Retirement Savings Plan,"6688 Tempo Road, PO Box 32...",N6P ...,(519)652-2929,London
1119,IBEW LU120,"6688 Tempo Road, PO Box 32...",N6P ...,5196522929,London
1120,IBIS,2 Victoria Street,L9T 9M2,(905)875-0709,Milton
1121,IBW SURVEYORS LTD,"71 MEARNS COURT, UNIT 16",L1C ...,905-623-2205,BOWMANVILLE
1122,ICE CREAM KINGDOM INC,189 SIERRA COURT,L6A 2M4,(416)457-8401,MAPLE
1123,Icecorp Transborder Services,1600 Courtney Park Drive East,,(905)672-7400,Mississauga
1124,ICLS INC,238 MAPLE GROVE DR,L6J 4V5,(416)276-7774,OAKVILLE
1125,ICON INSULATION INC,935 WESTON RD,M6M 0A1,(416)366-5414,TORONTO
1126,ICONIX WATERWORKS LIMITED PARTNE...,1128 BURDETTE STREET,V6V 1Y9,1-800-665-2134,RICHMOND
1127,IDEAL SOFA CANADA/IDEAL MATTRESS ...,5015 Maingate Dr Unit # 5,L4W ...,905-361-0154,Mississauga
1128,IDEAL SUPPLY INC,1045 WALLACE AVE N,N4W 1L7,519-291-1060,LISTOWEL
1129,Identifab Industries Limited,43 Baywood Road,M9V 3Y8,416-743-7343,Toronto
1130,IEM INDUSTRIAL ELECTRIC MFG (CANA...,301-3261 192ND ST,V3Z ...,(604)398-2157,SURREY
1131,IES INDUSTRIAL ELECT SERVICES,"1351 MATHESON BLVD EAST, UNIT # 6",L4W ...,905-625-8291,MISSISSAUGA
1132,IFM EFECTOR CANADA INC,302-2476 ARGENTIA RD,L5N 8P7,(855)436-2262,MISSISSAUGA
1133,I-GARD CORPORATION,7686 BATH RD,L6T 4L7,(905)673-1553,MISSISSAUGA
1134,IGNIS TECHNICAL SOLUTIONS INC,114 HAMPTON HEATH ROAD,L7L 1C7,416-751-8383,BURLINGTON
1135,IGSA CORP,5918 SANTA MARIA AVE,78041,(956)791-4472,LAREDO
1136,IMI INTERNATIONAL MANUFACTURING INC,"2056 COUNTY RD4, PO BOX 321",K0B ...,613-675-1208,L' ORIGNAL
1137,IMMANUEL ELECTRIC,P O BOX 6492,T9H ...,(780)747-1316,FORT MCMURRAY
1138,Imperial Oil,Po Box 1700,,800-267-0156,Don Mills
1139,IMPERIAL PARKING CA CORP,"601 WEST CORDOVA STREET, SUITE 300",V6B ...,1-877-909-3993,VANCOUVER
1140,IMPULSE TECHNOLOGIES LTD,920 GANA COURT,L5S 1P2,(905)564-9266,MISSISSAUGA
1141,INBRO INSTAL INC,"1380 Matheson Blvd E,UNIT 5",L4W ...,(416)917-3855,Mississauga
1142,INCHARGE ENERGY CANADA INC,800 BOULEVARD HYMUS,H4S 2G1,,MONTREAL
1143,INDEPENDENT ELECTRICAL SERVICES ...,108 CURRY DR,X1A 2Z1,(867)873-2272,YELLOWKNIFE
1144,INDEPENDENT MECHANICAL SUPPLY INC,310 CARLINGVIEW DR,M9W...,(416)679-1048,REXDALE
1145,INDEPENDENT SUPPLY COMPANY - KIT...,1425 STRASBURG RD UNIT 1A,N2R ...,(519)748-0961,KITCHENER
1146,INDEX CONSTRUCTION INC,27-260 EDGELEY BLVD,L4K ...,(416)398-0771,VAUGHAN
1147,INDUSTRIAL & COMPRESSED AIR PROD...,6-50 VENTURE DR,M1B 3E8,4163350037,TORONTO
1148,Industrial Plastics Fabricators Ltd,75 Selby Road,L6W 3K7,905-454-7632,Brampton
1149,INDUSTRIAL POWER RENTALS,"INDUSTRIAL POWER GROUP LTD, 2-1271 GO...",L3Y ...,(905)967-0300,NEWMARKET
1150,Industrial Process Technologies Inc,540 Sheldon Dr.,N1T 2J4,519-624-1574,Cambridge
1151,Industrial Technical Services,"400 Matheson Blvd. East, Units 11-13",,905-275-2717,Mississauga
1152,"INERTECH SUPPLY, INC",641 MONTEREY PASS ROAD,91754,626-282-2000,MONTEREY PARK
1153,INFINITE CABLES INC,3993 14TH AVENUE,L3R 4Z6,(905)477-4433,MARKHAM
1154,INFINITE HVAC FILTERS AND INSULATIO...,7-7400 VICTORIA PARK AVE,L3R ...,905-474-2079,MARKHAM
1155,INFLECTOR ENVIRON SERVICES LP,"INFLECTOR ENVIRONMENTAL SERVICES LP, 6961 MCK...",K4P ...,416-679-0933,GREELY
1156,INFORMA CANADA INC,"C/O TH1315, PO BOX 4...",M5W...,(416)512-3811,TORONTO
1157,INFRASTRUCTURE HEALTH & SAFETY A...,21 VOYAGER COURT S,M9W 5P3,(800)263-5024,ETOBICOKE
1158,INGRAM MICRO,55 STANDISH COURT,L4Z 2G2,(800)456-8000,MISSISSAUGA
1159,INGRAM'S ELECTRICAL LTD,68 PETRIES STREET,A2H 3P5,709-640-7328,CORNER BROOK
1160,INNERWORKINGS CANADA INC,"8500 LESLIE ST, SUITE 101",L3T ...,(905)761-7726,THORNHILL
1161,INNOVATIVE PROTECTION SYSTEM INC,4 FATHY CIRCLE,L3M 1T1,905-807-9777,GRIMSBY
1162,INNOVATIVE TRAILER DESIGN IND,161 THE WEST MALL,M9C 1B7,416-620-7755,TORONTO
1163,INNPOWER CORPORATION,7251 YONGE STREET,L9S 2M6,705-431-4321,INNISFIL
1164,INPROTECH INC,540 SHELDON DR,N1T 2J4,(519)624-1574,CAMBRIDGE
1165,Inscan Contractors Inc.,341 DOSCO DRIVE,L8E ...,(905)842-5075,STONEY
1166,INSULMECH LTD,25 ELMBROOK CRESCENT,M9C 2N9,647-290-7229,ETOBICOKE
1167,INTACT INSURANCE COMPANY,"700 UNIVERSITY AVENUE, 16TH FLOOR",M5G ...,"1-800-268-4567, EXT 45...",TORONTO
1168,INTEGRAL ENERGY SERVICES LTD,101-2890 KINGSVIEW BLVD,T4A 0C0,403-912-1261,AIRDRIE
1169,INTEGRATED CUTTING SYSTEMS,49 EASTON ROAD,N3R 7J9,289-245-1029,BRANTFORD
1170,INTEGRICON PROPERTY RESTORATION,"AND CONSTRUCTION GROUP INC, 219 WEST...",L4L 9...,(416)736-0395,WOODBRIDGE
1171,INTELLIMETER CANADA INC,1125 SQUIRES BEACH RD,L1W 3V4,"905-839-9199, EXT 230",PICKERING
1172,INTELLIRENT,"ELECTRO RENT CORPORATION dba INTELLI..., 8511 FALL...",91304,(972)317-0479,WEST HILLS
1173,INTERFACE EXHIBITS INC,16-220 ROYAL CREST COURT,L6G 0E2,905-474-3144,MARKHAM
1174,INTERLINE WHOLESALE HARDWARE DI...,"620 PASSMORE AVENUE, UNIT 2",M1X ...,(416)754-2211,SCARBOROUGH
1175,"International Checkout, Inc.",7950 Wood...,,310-601-8196,Van Nuys
1176,INTERNATIONAL MOBILE WELDING LTD,5635 KING RD,L0G 1N0,(416)648-6464,NOBLETON
1177,INTERNATIONAL PIPEFREEZING/ADAM ...,2806/251 JARVIS ST,M5C 2H6,647-834-3447,TORONTO
1178,INTERNATIONAL TUNNELING SERVICES ...,20 ELEANOR RD,L3V 2P5,(705)331-2871,ORILLIA
1179,INTER-NET SPECIALTY PRODUCTS INC,665 PARKDALE AVE N,L8H 5Z1,905-547-9498,HAMILTON
1180,INTERTEK TESTING SVCS NA LTD,2561 GEORGES V,H1L 2A2,514-631-3100,MONTREAL
1181,INVESTMENTS HARDWARE LIMITED,250 ROWNTREE DIARY ROAD,L4L 7...,416-748-0204,WOODBRIDGE
1182,IRON DOG MECHANICAL SERVICES INC,25 GUILDFORDS AVENUE,B3B ...,902-443-8870,DARTMOUTH
1183,IRONHALO DESIGN CORP,2333 TRUSCOTT DR,L5J 4B7,647-979-1745,MISSISSAUGA
1184,IRONWOOD CONSTRUCTION AND DESIGN,3604 LINDA ST,L9S 2L3,(416)807-4179,INNISFIL
1185,IRVING ENERGY/IRVING OIL LIMITED,10 KING SQUARE SOUTH,E2L 5B8,506-654-0892,SAINT JOHN
1186,ISAGANI A GAELA,97 MOREAU TRAIL,M1L 3H1,(416)464-9411,SCARBOROUGH
1187,ISCOCA POWER SYSTEM INC,12-5004 TIMBERLEA BLVD,L4W ...,905-238-8700,MISSISSAUGA
1188,ISLAND PAINTING & DECOR/MARC A.PE...,75 HOWEST,P0P ...,705-561-6667,MANOTOWANING
1189,ISN SOFTWARE CANADA LTD,"c/o LOCKBOX 310390, PO BOX 5...",T2P ...,(800)976-1303,CALGARY
1190,ITEC SYSTEMS DESIGN LTD,UNIT 4-20092 93A AVENUE,V1M ...,604-882-9500,LANGLEY
1191,ITM INSTRUMENTS INC,20800 BOUL INDUSTRIEL,H9H ...,1-877-216-6440,STE-ANNE-DE-BEL
1192,IVYS ADSORPTION INC,"60 HAIST AVENUE, UNIT 1",L4L 5...,905-850-9888,WOODBRIDGE
1193,J & R HOME PRODUCTS LTD,"C/O SERVRITEJBMD, 9170 HWY ...",L4R ...,705-526-6544,MIDLAND
1194,J & T MACHINE KNIFE INC,17 EDVAC DRIVE,L6P 2B1,905-792-8111,BRAMPTON
1195,J J ELECTRIC LTD/JAMIESON JUDD LIMI...,102 INDUSTRIAL DR,R7A 7X0,(204)728-1246,BRANDON
1196,J LALONDE MACHINERY MOVERS LTD,1225 SCUGOG LINE 6,L9L 1Z3,(416)285-0024,PORT PERRY
1197,J NOBLE CRANE SVCS AND RENTALS,"J NOBLE CRANE SERVICES AND RENTALS L..., 133 LIBER...",L1C ...,905-410-4523,BOWMANVILLE
1198,J R MACKENZIE,7916 GOODLAD STREET,V5E 0B1,604-999-2457,BURNABY
1199,J WALKER MASONRY & STUCCO SERVI...,2619 MCIVOR ROAD,K7P 0C7,613-329-0510,KINGSTON
1200,J&H Cartage,4 Waltham Drive,M9V 2X8,416-742-5958,Etobicoke
1201,J&J TRAILERS MANUFACTURE & SALES ...,345 FINCHDENE SQUARE,M1X 1B9,(416)298-4482,SCARBOROUGH
1202,J.D.BARNES LIMITED,"110 SCOTIA COURT, UNIT 38",L1N ...,905-723-1212,WHITBY
1203,J.J.MCGUIRE GENERAL CONTRACTORS,880 FAREWELL ST.,L1H 3X1,905-436-2554,OSHAWA
1204,J.LOCKWOOD LEASING LTD,1141 SOUTH SERVICE RD WEST,L6M 2W2,905-845-5048,OAKVILLE
1205,J.O.B.HEATING & AC (2011) INC,113 JESSOP AVENUE,S7N 1Z4,306-686-4328,SASKATOON
1206,JACOBS & THOMPSON INC,89 KENHAR DR,M9L 1N4,416-749-0600,TORONTO
1207,JAMES G ARMOUR & CO LTD,2460 ANSON DRIVE UNIT 15 AND 16,L5S ...,905-677-7995,MISSISSAUGA
1208,JAMES PORTER,130 Village Vista Way,L6A ...,,Maple
1209,JAN-PRO CLEANING SYSTEMS,1-1050 MCNICOLL AVE,M1X 1C3,"(416)291-8405, ext 2214",SCARBOROUGH
1210,JAY JAXX CONTROLS INC,#105-11302-95TH AVENUE,T8V ...,403-504-4889,GRANDE PRAIRIE
1211,JB MILLWRIGHTING SERVICES LTD,980 Alliance Road Unit 4,L1W ...,905-831-6426,Pickering
1212,JD COLLINS FIRE PROTECTION CO,101 INNOVATION DR UNIT 1,L4H ...,(905)660-4535,WOODBRIDGE
1213,JD ELECTRIC SERVICES,15-133 APPLEWOOD CRES,L4K ...,905-660-0016,CONCORD
1214,JD PATRICK ELECTRIC,1027 CLARKE RD,N5V 3B1,(519)615-4228,LONDON
1215,Jd Solutions Llc,PO Box 80...,,248-935-4024,Rochester
1216,JDM AIR POWER SERVICES INC,131 SHELDON DR #10 & 11,N1R ...,519-624-2131,CAMBRIDGE
1217,JEAN MORALES,"681 Yonge Street, Unit 114",L9J 0...,,Barrie
1218,JELLA MAYE G ALMARIO,,,,
1219,JELLE ZYLSTRA MASONRY,1106 GOLDEN BEACH ROAD,P1L 1Z2,705-644-4911,BRACEBRIDGE
1220,Jenkinson And Company Div. Of,"46 Fieldway Rd., Unit 10",,416-233-6245,Toronto
1221,JENSEN TRAILER SALES & SERVICE,465 BLOOR ST W,L1J 6R2,(905)571-2525,OSHAWA
1222,JERAY SOTO,155 MARMEL COURT,N3H 1A6,647-761-6631,CAMBRIDGE
1223,JEREMIAS INC,"1255 KENNESTONE CIRCLE,SUITE 150",30066,678-388-2740,MARIETTA
1224,JEREMY HALICKI-PORTER,130 VILLAGE VISTA WAY,L6A ...,,MAPLE
1225,JESSE MACK PROFESSIONAL CORPORA...,100 KING ST W SUITE 5700,M5X ...,647-426-0147,TORONTO
1226,JESTEK ELECTRIC LTD,P.O.BOX 66,K7S ...,613-831-0505,ARNPRIOR
1227,JFM INC,50 INDER HEIGHTS DRIVE,L6Z 0L1,416-985-1828,BRAMPTON
1228,JIM MOORE PETROLEUM/MACEWEN PE...,18 ADELAIDE STREET,K0C 1T0,613-527-2104,MAXVILLE
1229,JIM PATTISON LEASE,2700 MATHESON BLVD E,L4W 4T7,(866)616-4448,MISSISSAUGA
1230,JMC CUSTOM CARPENTRY,28 SOUTHWOOD DRIVE,N2E 3G4,519-884-4710,KITCHENER
1231,Jmp Engineering Inc.,4026 Meadowbrook Dr. Unit 143,,519-496-4264,London
1232,JMX ENVIRONMENTAL INC,1958 NOTION ROAD,L1S 6L1,905-426-8315,PICKERING
1233,JOBSITE INDUSTRIAL RENTAL SERVICES,3385 MAINWAY,L7M 1A6,(888)634-3030,BURLINGTON
1234,JOHN BROOKS COMPANY LIMITED,2625 MEADOWPINE BLVD,L5N 8H9,(905)567-9222,MISSISSAUGA
1235,JOHN FLANTON,37616 17TH ST.EAST,93550,661-202-9093,PALMDALE
1236,John G.Cooke & Associates Ltd .,"17 Fitzgerald Road,Suite 200",K2H ...,(613)226-8718,Ottawa
1237,JOHN KENYON LIMITED,54 MUNROE STREET,L8L 5W8,905-527-2721,HAMILTON
1238,JOHN KNOX and SON PUMPING SERVIC...,5171 15TH LINE,L0L 1L0,905-770-0050,COOKSTOWN
1239,John L Engineering Ltd.,9324 Madison Cres,L2E 6S4,416-278-0899,Niagara Falls
1240,Johnny Rag A Division Of,"1149996 Ontario Limited, Po Box 233",,905-688-3505,Thorold
1241,JOHNSON AUDIO VIDEO LTD,145 CITY VIEW DR.UNIT # 1,M9W 5B1,416-900-1096,ETOBICOKE
1242,JOHNSON CONTROLS CANADA LP,"#T6067 P O BOX 6100, POSTAL S...",M4Y ...,(905)475-7610,TORONTO
1243,JOHNSON PATERSON INC,6-1250 JOURNEY'S END CIRCLE,L3Y ...,(905)898-6978,NEWMARKET
1244,JOHNSTONE SUPPLY/B&B TRADE DISTR...,1950 OXFORD ST E,N5V 2B7,(800)265-5912,LONDON
1245,JOHNSTON'S ELECTRICAL CONSTRUCTI...,"150 BROUSSEAU AVENUE PO BOX#726, STN.MN",P4N ...,(705)268-5999,TIMMINS
1246,JONES POOLS/1151259 ONTARIO LTD,478 OLD HWY 47,L0C 1K0,905-642-9522,UXBRIDGE
1247,JORDAN ENGINEERING INC,5-261 MARTINDALE ROAD,L2N 7M4,289-434-0430,ST.CATHARINES
1248,JOSEPH & COMPANY INC,257 VICTORIA ST N,N2H 5C9,(519)743-0205,KITCHENER
1249,Journey Freight International,18100 Trans-Canada Hwy,H9J ...,514-322-2202,Kirland
1250,JP SIGNAGE INC,"1895 CLEMENTS RD, SUITE 150",L1W ...,647-223-9788,PICKERING
1251,JPDL INTERNATIONAL IN TRUST/TAC-WT...,"1555 PEEL STREET, SUITE 500",H3A ...,"514-287-9898, EXT 229",MONTREAL
1252,JPL CONSTRUCTION SERVICES INC.,"LACASSE BUILDING SOLUTIONS, 300-14 BE...",K2E ...,(613)225-5040,OTTAWA
1253,JR CAPITAL CONTRACTING INC,1245 SKAE DRIVE,L1N 7G4,905-576-5722,OSHAWA
1254,JRTPRO INC,181 RIVER RUN RD,N0G 1P0,226-336-6740,DRAYTON
1255,JSL PROJECTS INC/NAHANNI CONSTRU...,100 NAHANNI DRIVE,X1A 2Z1,867-447-2856,YELLOWKNIFE
1256,JUBB UTILITY SUPPLY LTD,8-1245 MAPLE HILL COURT,L3Y ...,(905)898-5822,NEWMARKET
1257,JUDY CASEY,301-1195 RICHMOND RD,K2B ...,(613)596-8908,OTTAWA
1258,JUST FOR SNOW INC,560 PIERCEY ROAD,L7E ...,905-233-2436,BOLTON
1259,JUSTIN DAVIDSON ELECTRICAL SERVIC...,54 BRIMLEY COURT,K8N ...,343-263-0617,BELLEVILE
1260,JUTZI WATER TECHNOLOGIES,525 WRIGHT BLVD,N5A 6S4,519-814-9283,STRATFORD
1261,JVC ELECTRIC INC,6400 NORTHAM DR,L4V 1W9,,MISSISSAUGA
1262,K BROTHERS PUMP & MOTORS INC,1-110 MILNER AVE,M1B 2V9,(416)335-0070,SCARBOROUGH
1263,KAITTING'S BEARINGS LTD,3-185 TURNBULL COURT,N1T 1J2,(519)621-3740,CAMBRIDGE
1264,KALOS ENGINEERING INC,300 YORK BOULEVARD,L8R 3K6,905-333-9119,HAMILTON
1265,KAP BY POVO LIGHTING INC,810 FLINT RD,M3J 2T8,416-294-0212,TORONTO
1266,KAREN LYNN GIFFIN,167 PINEWOOD TRAIL,L5G 3R2,416-270-5696,MISSISSAUGA
1267,KARL DUNGS INC,"3890 PHEASANT RIDGE DR,NE STE 150",,763-582-1700,BLAINE
1268,KARLEN-KADA INTEGRATION INC,14620 118 AVE. NW,T5B 0X2,780-453-1362,EDMONTON
1269,KASON CANADA A DIVISION,2-226 INDUSTRIAL PAWY N,L4E ...,905-713-6515,AURORA
1270,KATRYNA PETLYUCHENKO,3630 KIMBERLEY ST,L9S 2L3,416-995-2832,INNISFIL
1271,KAYLA CARBONARA,2053 MCNEIL ST,L9S 4B2,,INNISFIL
1272,KC's CUSTOM BOAT TOPS & COVERS,125 COLDSTREAM RD,K0M ...,705-887-6602,R.R.1 FENELON FA
1273,KEAST METAL WORKS/1833090 ONTARI...,273 BLAND LINE,L0A ...,705-344-0420,CAVAN MONAGHAN
1274,KEEP COOL REFRIGERATION & A/C LTD,375 EAST WHITE HILLS RD,A1A 5Z5,709-754-6180,ST.JOHN'S
1275,KELTBRAY INTERNATIONAL,"130 KING STREET WEST,SUITE 1800",M5X ...,(647)239-4203,TORONTO
1276,KEN PHILP PLUMBING & HEATING LTD.,128 JASON STREET,N4K ...,519-372-0688,OWEN SOUND
1277,KENNEDY FORD SALES LIMITED,280 SOUTH SERVICE RD W,L6L 6L7,(905)845-1646,OAKVILLE
1278,KENNEDY NATIONAL LEASING LIMITED,280 SOUTH SERVICE RD W,L6L 6L7,(905)845-1646,OAKVILLE
1279,KENRY ELECTRIC LTD,9715 90TH AVE,T8S ...,(780)624-5435,PEACE RIVER
1280,KENTE ENTERPRISES,113 LITTLE CREEK RD,K0K 2J0,613-399-2630,HILLIER
1281,KERECT SCAFFOLD LIMITED,3 PARNHAM CRESCENT,L9N 0P6,416-460-4727,SHARON
1282,KEVIN BEIGEL PROFESSIONAL CORPOR...,229 SHEPPARD AVENUE WEST,M2N 1N1,416-733-4900,TORONTO
1283,KEY SHACK LOCK SERVICES INC,3-448 GIBRALTAR DRIVE,L5T 2N8,416-258-5490,MISSISSAUGA
1284,KEYMAX SECURITY SOLUTION INC,"3-1136 CENTRE ST, SUITE 633",L4J 4R6,(416)629-5636,THORNHILL
1285,Kfp Environmental Equipment Limited,367 Oakdale Road,M3N 1W7,416-745-0144,Downsview
1286,KI ELECTRICAL SOLUTIONS INC,3610 FIELDGATE DR,L4X 2J6,(416)662-7441,MISSISSAUGA
1287,KIBAE GABRIEL KIM,190 CASSANDRA BLVD,M3A 2M3,,TORONTO
1288,KILDONAN ENERGY PRODUCTS,"C/O 1274523 ONTARIO LIMITED, 195 CLAYT...",L3R ...,416-494-9457,MARKHAM
1289,KILDONAN ENERGY SERVICES,"195 CLAYTON DR, UNITS 8-9",L3R ...,(416)494-9457,MARKHAM
1290,KILMER ENVIRONMENTAL INC,3-208 BRITTANIA RD E,L4Z ...,(905)890-8908,MISSISSAUGA
1291,"Kinetics Noise Control, Inc.",C/O Box T10016 Postal Stn A,,905-670-4922,Toronto
1292,KING CITY TRAILERS & TRUCK ACCESS...,1161 KING RD,L7B 1K5,(905)773-4260,KING CITY
1293,Kings Energy Services Ltd.,277 Burnt Park Drive,T4S 0K7,519-455-1350,Red Deer
1294,KINGS REFRIGERATION,5727 HIGHWAY 1,B0P 1V0,(902)678-5314,CAMBRIDGE
1295,KINGSMILL SANDBLASTING,"KINGSMILL SANDBLASTING & SPRAYPAINTI..., 1062 WES...",L5T ...,905-848-8669,MISSISSAUGA
1296,KIPP INC,18-6155 TOMKEN RD,L5T ...,647-862-7274,MISSISSAUGA
1297,KIPPER MECHANICAL LTD,1A MATHESON BAY ROAD,P9N 4J1,807-548-5762,KENORA
1298,KITCHENER WILDCATS FUN3,,,,
1299,KLIMIT MECHANICAL LIMITED,127 ALGOMA STREET SOUTH,P7B 3B7,807-345-1205,THUNDER BAY
1300,KLINE MAINT AND CONST LTD,"K-LINE MAINTENANCE & CONSTRUCTION LI..., 12731 HIG...",L4A ...,905-640-2002,STOUFFVILLE
1301,KM HVAC INC,130 MATHESON BLVD EAST UNIT 10,L4W ...,905-602-1962,MISSISSAUGA
1302,KNC ELECTRIC,49 SEVERN CRES,R8N 0B9,204-778-7333,THOMPSON
1303,KOBEN SYSTEMS INC,5-2525 DUNWIN DR,L5L 1J5,(416)935-1922,MISSISSAUGA
1304,"Koch Knight, Llc","5385 ORCHARD VIEW DRIVE, SE, 5385 Orch...",,330-488-1651,East Canton
1305,KODIAK HEATING & AIR CONDT,614 36ST NORTH,T1H ...,403-327-5604,LETHBRIDGE
1306,KONDRO ELECTRIC ALBERTA LTD,6202 - 50 AVE,T9V 2C9,(780)875-6226,LLOYDMINSTER
1307,KONECRANES CANADA INC,5300 MAINWAY,L7L 6A6,905-332-9494,BURLINGTON
1308,KOOLER REFIRGERATION,416 BALL RD,S3N ...,306-783-5667,YORKON
1309,KOOY BROTHERS LAWN EQUIP LTD,1919 WILSON AVE,M9M 1A9,416-242-3513,TORONTO
1310,KORE HVAC SERVICES INC,"868 FALCONBRIDGE ROAD, UNIT 13",P3A ...,705-524-7723,SUDBURY
1311,KORYCKI MECHANICAL INC,BAY 5-243 SOUTH INDUSTRIAL DRIVE,S6V ...,306-961-0620,PRINCE ALBERT
1312,KOTYCK BROS,1076 RANGEVIEW RD,L5E 1E4,(905)271-3400,MISSISSAUGA
1313,KOVA ENGINEERING LTD,9-871 EQUESTRIAN COURT,,905-299-5682,OAKVILLE
1314,KRCMAR SURVEYORS LTD/SPEIGHT VA...,"UNITS 65 & 66, 750 OAKDALE ROAD",M3N ...,"905-738-0053, EXT 221",TORONTO
1315,KRKA POWER INC,1A-3348 HARVESTER RD,L7N ...,905-331-3131,BURLINGTON
1316,KSI DEPOT,66 NEILLY TERRACE,L3Z ...,416-606-5174,BRADFORD
1317,KTI Limited,33 Isaacson Crescent,L4G 0Z7,905 727-8807,Aurora
1318,KUBOTA CANADA LTD,5900 14TH AVE,L3S 4S0,(800)405-6916,MARKHAM
1319,KURITA CANADA INC,33 MCLNTYRE DRIVE,N2R ...,519-748-4822,KITCHENER
1320,KUSNICK ELECTRIC,"864212 ONTARIO INC, 187 GRAN...",P8N ...,(807)223-6115,DRYDEN
1321,K-W GLASS SYSTEMS INC,445 DUTTON DR,N2L 4C8,(519)725-9305,WATERLOO
1322,L.J. Repath And Associates,120 Newkirk Road #10,,905-883-9928,Richmond Hill
1323,L.M. GENERATING POWER CO LTD,1900 SHAWSON DR,L4W 0E7,(905)564-7322,MISSISSAUGA
1324,LA CIE ELECTRIQUE BRITTON LTEE,8555 CHEMIN DEVONSHIRE,H4P 2K9,(514)342-5520,MONT-ROYAL
1325,LAKE OF THE WOODS ELECTRIC (KENO...,2378 HWY 17 E,P9N 0A1,(807)548-5158,KENORA
1326,LAKEPORT POWER LTD,169 INDUSTRIAL PARK RD,K0K 1S0,(905)355-3281,COLBORNE
1327,LAKESIDE CONTRACTING COMPANY LTD,3513 MAVIS ROAD,L5B 4L1,,MISSISSAUGA
1328,LAKESIDE PROCESS CONTROLS LTD,2475 HOGAN DRIVE,L5N 0G5,905-412-0500,MISSISSAUGA
1329,LAMBERT OIL 1986 LTD,2145 DUNDAS ST W,M6R 1X1,416-531-1158,TORONTO
1330,LANCASTER GROUP INC,195 HEMPSTEAD DRIVE,L8W 2E4,,HAMILTON
1331,LANDSCAPES DEFINED INC,508 ELMSTEAD ROAD,N8N 2L9,519-817-8181,LAKESHORE
1332,LANDSTORM CONTRACTING LTD.,122 Rocky Creek Way,K0A ...,(000)000-0000,Carp
1333,LANGEMANN HEATING AND COOLING INC,255 ELLIS ST E,N8X 2J2,519-903-6038,WINDSOR
1334,Langlois Hauck Lettner & Co. Llp,"200 Consumers Rd, Suite 400",,416-492-0444,North York
1335,LARDALE CONSTRUCTION INC,4398 CONCESSION RD 1,L1B 1C2,905-668-2660,NEWCASTLE
1336,LARSEN'S ELECTRIC,"L&L FURROW LTD, 156 HOUL...",E7M ...,506-328-6268,WOODSTOCK
1337,LAURA ADAMS,1211-195 BARRINGTON AVE,M4C 1L7,416-570-8322,TORONTO
1338,LAWSON LUNDELL LLP,"SUITE 1100,225-6TH AVE.S.W, BROOKFIE...",T2P ...,403-269-6900,CALGARY
1339,Lawson-Taylor Ltd.,361 King Street West,L9H 1T5,905-627-0979,Dundas
1340,LEADEC(CA) CORP,"9395 KENWOOD RD,SUITE 200",45242,513-731-3590,CINCINNATI
1341,LEADER PUMP (1993) LTD,"115 WOODSTREAM BLVD, UNIT 10",L4L 7...,905-856-0550,WOODBRIDGE
1342,LEADING EDGE CONCRETE,153 LEESON ST S,L0N 1G0,647-529-8350,GRAND VALLEY
1343,LEARMONT ROOFING LTD,76 DAVIS CR,L7G 5P5,416-996-8517,GEORGETOWN
1344,LEGACY GAS WORKS INC,"270 BAIG BLVD, UINT A6",E1E ...,506-389-1981,MONCTON
1345,LENCO TRAINING & TECHNICAL SERVIC...,591 SANDCHERRY DRIVE,L7T 1H3,905-691-2880,BURLINGTON
1346,LENNOX INDUSTRIES CANADA LTD,P O BOX 3509 STN A,M5W...,(888)329-2666,TORONTO
1347,LENOVO CANADA INC,55 IDEMA ROAD,L3R 1B1,1-800-565-3344,MARKHAM
1348,LEONS ELECTRICAL LTD,35 DUNCAN ROAD,B0E 1V0,902-302-3761,LOUISDALE
1349,LES ENTREPRISES ELECTRIQUES L.M.INC,3006 STE-CATHERINE STREET EAST,H1W ...,514-523-2831,MONTREAL
1350,LESS MESS PRODUCTS INC,401 BOWES RD,L4K 3M4,,CONCORD
1351,LEVESQUE & MCINTYRE ELECTRIC CO. ...,157 WATER STREET,E3N 3L4,(506)753-3733,CAMPBELLTON
1352,LEVITT SAFETY LIMITED,2872 BRISTOL CIRCLE,L6H 5R6,905-829-3299,OAKVILLE
1353,LG INTERIORS INC,493 PINELAND AVE,L6K 3W9,(647)388-8872,OAKVILLE
1354,LIB & CO INC,74 WILDCAT ROAD,M3J 2N5,416-710-4444,NORTH YORK
1355,Liebert Canada,P.O. Box 877 Station A,M5W...,(000)000-0000,Toronto
1356,LIFT ALL CRANE SERVICE LIMITED,PO BOX 3644,L3R ...,416-678-5520,MARKHAM
1357,LIFTOW LIMITED,"145 SELECT AVE, UNIT 8-10",M1V ...,(905)793-8892,SCARBOROUGH
1358,LIFTSAFE ENGINEERING AND SERVICE ...,306 DARRELL DRIVE,N0B ...,519-896-2430,AYR
1359,Light It Up Electric Supply,"7895 Tranmere Drive, Unit 10",,905-405-0008,Mississauga
1360,LIGHTEN UP ELECTRIC LTD,1030 SASKATOON AVE,V8J 4J4,(250)627-7697,PRINCE RUPERT
1361,LIGHTHAUS LIGHTING SUPPLY INC,2901 STEELES AVE WEST #31,M3J ...,647-955-3586,NORTH YORK
1362,LIGHTS OUT ELECTRICAL LTD,1609 115 AVE,V1G 0A1,250-719-0902,DAWSON CREEK
1363,LINCOLN YORKDALE,3130 Dufferin Street,M6A 2S6,,Toronto
1364,LINDE CANADA INC,1-80 WESTCREEK BLVD,L6T 4J2,(800)876-7729,BRAMPTON
1365,Line Process Controls Inc.,50 Venture Dr.,M1B 3E8,416-291-8525,Scarborough
1366,LINEMANS TESTING LABORATORIES,46 MERIDIAN RD,M9W 6H5,(416)742-6911,TORONTO
1367,LINESTAR UTILITY SUPPLY ONTARIO INC,1-171 AMBASSADOR DR,L5T 0A4,(905)564-5344,MISSISSAUGA
1368,LIONS CONCRETE CUTTING & CORING I...,641 COLBY DRIVE,N2V 1A2,226-218-4740,WATERLOO
1369,LITEMODE LIMITED,"8355 JANE STREET, UNIT 2",L4K ...,905-738-8889,VAUGHAN
1370,LIUNA LOCAL 183,"200 Labourers Way, Suite 2300",L4H ...,4162407480,Vaughan
1371,LIUNA PENSION FUND OF CENTRAL & E...,PO BOX 9002 LAKESHORE W PO,L6K ...,4162407480,OAKVILLE
1372,LIZCO SALES AND RENTALS INC,"A SPARK POWER COMPANY, 1315 NOR...",L6H ...,(800)565-6790,OAKVILLE
1373,LJC-CONSULTING LTD,1592 MAJOR OAKS RD,L1X 2K5,(416)671-4259,PICKERING
1374,LMR POWER SYSTEMS INCORPORATED,395 SECOND RD E,L8J 2...,(289)700-5858,STONEY CREEK
1375,LOAD COVERING SOLUTIONS,5499 HARVESTER ROAD,L7L 5S3,905-335-2012,BURLINGTON
1376,LOCAL 183 MEMBERS' BENEFIT FUND,"1263 WILSON AVE, SUITE 205",M3M...,4162407480,NORTH YORK
1377,Local 473 Sheet Metal Workers,184 Wellington St.,N6B 2N5,,London
1378,LOCK BLOCK ONTARIO LTD,55 INDUSTRIAL ST,M4G 1Y2,416-561-5422,EAST YORK
1379,LOCK DEMOLITION AND SITE SERVICES...,7476 TWENTY RD,L0R 2A0,905-733-8723,SMITHVILLE
1380,LOCKDOWN ENVIRONMENTAL INC,628 EUCLID ST,L1N 7T8,905-428-8600,WHITBY
1381,LONDON HYDRO,"111 HORTON ST, P.O. BOX 3...",N6B 2H8,(000)000-0000,LONDON
1382,London Life Insurance Company,"255 Dufferin Avenue, T540",N6A 5R8,1-888-781-1262,London
1383,LOON CALL PROPERTY SERVICES,171 MEDORA ST,P0B 1J0,(705)765-5006,PORT CARLING
1384,LOOPSTRA NIXON LLP,"WOODBINE PLACE, 600- 135 Q...",M9W...,(416)746-4710,TORONTO
1385,LOR-DON LIMITED,485 MCCORMICK BLVD,N5W 4C5,519-679-2322,LONDON
1386,LOVSUNS TUNNELING CANADA LTD,1200 COURTNEY PARK DRIVE EAST,L5T ...,905-364-1055,MISSISSAUGA
1387,LOW COST PLUMBING & HEATING SERV...,349-10816 MACLEOD TRAIL SE,T2J ...,,CALGARY
1388,LR PLUMBING INC,76 BARRACLOUGH BOULEVARD,L7G 3T1,416-579-6140,GLEN WILLIAMS
1389,LRI ENGINEERING INC,"170 UNIVERSITY AVENUE, 3RD FLOO...",M5H ...,416-515-9331,TORONTO
1390,LSJ SERVICES,"125 THE QUEENSWAY, PO BOX 1...",M8V ...,(416)479-4079,ETOBICOKE
1391,LUMEN QUEBEC,,J8Z 1S6,,GATINEAU
1392,LUMENSTAR LED LIGHTING INC.,108-1500 HARTLEY AVENUE,V3J 1S0,604-260-7543,COQUITLAM
1393,LUNCHBOX CORPORATION,82 LAUREL AVE,M9B 3Z8,416-538-7990,ETOBICOKE
1394,LUTRON SERVICES CO INC,7200 SUTER RD,18503,"888-588-7661,OPTION 4",COOPERSBURG
1395,M L CARON ELECTRIC LIMITED,900 FIFTH STREET WEST,P9A 3P8,(807)274-7945,FORT FRANCES
1396,M VANCOILLIE MASONRY INC,143 HOLLEY AVE,N0B 2R0,(519)588-5373,TAVISTOCK
1397,M W MCGILL AND ASSOCIATES LIMITED,1050 SQUIRES BEACH RD,L1W 3V4,(905)420-0485,PICKERING
1398,M&R ELECTRICAL,2514 30TH AVENUE SOUTH,V1C 4H8,(250)489-0132,CRANBROOK
1399,M. BEAUDRY ELECTRIQUE INC.,5355 ALBERT MILLICHAMP #3,J3Y...,(514)944-3606,ST. HUBERT
1400,M.E.INDUSTRIAL SHEET METAL LTD,71 OLD MILL ROAD,N3H 4R8,519-575-0019,CAMBRIDGE
1401,M30 RETAIL SERVICES INC,3250-246-STEWART GREEN SW,T3H...,403 313 9100,CALGARY
1402,Mac Funding Corporation,"85 Northwest Point Blvd.,",,630-238-5600,Elk Grove
1403,MACE ELECTRIC INC,PO BOX 195,L1M...,905-447-4937,BROOKLIN
1404,Macfarlane Nameplate & Anodizing Corp,185 Carlingview Dr. Unit 7,,416-675-7150,Toronto
1405,MACHINERY SAFEGUARDING,"2870648 ONTARIO LTD, 92-7250 K...",L4K...,416-456-0465,VAUGHAN
1406,MACHINING ACTIVITIES INC,9 BALLYHAISE CRESCENT,L6X 3B0,647-402-8399,BRAMPTON
1407,MACHINNING DESIGN ASSOC LTD,"MACHINNING DESIGN ASSOCIATED LTD, 201 SPINN...",L4K...,(905)738-0070,CONCORD
1408,Macnamara Fuels,"395 HARRY WALKER PKWY N, UNIT 8 & 9",L3Y...,(905)898-0560,NEWMARKET
1409,Macrologix Inc.,53 Marathon Avenue,,647-727-3700,Concord
1410,MAC'S CONVENIENCE STORE INC,"4204 BLVD,INDUSTRIEL",H7L 4R3,"450-662-6632,4068",LAVAL
1411,MADDEN ELECTRIC INC,584 5-B FALCONBRIDGE RD,P3A...,(705)524-3100,SUDBURY
1412,"MADDOX INDUSTRIAL TRANSFORMER,L...",865 VICTOR HILL RD,2965...,800-270-2011,GREER
1413,Madison Industrial Equipment Inc.,7855 Tranmere Dr.,L5S 1V9,905-612-9450,Mississauga
1414,MADOK MANUFACTURING LIMITED/CAN...,82 MORRELL STREET,N3T 4R4,519-756-5760,BRANTFORD
1415,MADRAS CURRY INC,2537 EGLINTON AVE WEST,M6M 1T9,(647)906-4488,YORK
1416,MAGFLUX POWER SOLUTIONS INC,7 HAVELOCK GATE,L3S 3S9,647-608-6166,MARKHAM
1417,MAGGIE ZHANG,55 EAGLE PEAK DR,L4S 2P3,416-602-4675,RICHMOND HILL
1418,MAGNA GOLF CLUB,14780 LESLIE ST,L4G 0S7,(905)726-7641,AURORA
1419,MAGNETO ELECTRIC SERVICE CO LIMIT...,1150 EGLINTON AVE E,L4W 1A2,(905)625-9450,MISSISSAUGA
1420,MAINLAND PLUMBING & HEATING LTD,34-145 SCHOOL HOUSE STREET,V3K ...,604-553-4292,COQUITLAM
1421,MAINLINE CRANE RENTALS INC,"430 SPRINGBANK AVE, SOUTH",N4S 1H3,519-532-7357,WOODSTOCK
1422,MAINLINE FIRE PROTECTION INC,12-411 BRADWICK DRIVE,L4K 2T4,416-723-4678,CONCORD
1423,MAINTENANCE METALS & ALLOYS INC,18 KILLALOE ROAD UNITS 1 & 2,L4K ...,416-439-8800,CONCORD
1424,MAMMOET CANADA EASTERN LTD,7504 MCLEAN RD E,N1H 6H9,(416)798-3010,PUSLINCH
1425,MAMMOTH ERECTION,"1334397 ONTARIO LTD, PO BOX 7...",L4G ...,905-841-9394,AURORA
1426,MANCEVSKI STRUCTURAL ENGINEERIN...,7 SWISS COURT,M2M 1E3,(416)900-2245,TORONTO
1427,MANITOULIN TRANSPORT INC,"154 HWY 540B, POP ...",,705-222-1904,GORE BAY
1428,Mantecon Partners Inc.,15 Foundry St.,L9H 0C1,,Dundas
1429,Manulife Financial,200 Bloor Street East,M4W 3Y3,,Toronto
1430,MANULIFT EMI LTD,100 RUE D'ANVERS,G3A 0P3,(418)878-5424,ST AUGUSTIN DE 
1431,MAPLE LEAF LAWN CARE,37 ELMHURST DR,M9W 2J5,(416)704-5774,ETOBICOKE
1432,MAPLE LEAF ROPES INC,25 WORTHINGTON DR,N3T ...,(519)752-6642,BRANTFORD
1433,MAPLERIDGE MECHANICAL,"2795310 ONTARIO INC., 939 DILLIN...",L1W ...,905-831-0524,PICKERING
1434,MARANT CONSTRUCTION LIMITED,200 WICKSTEED AVENUE,M4G 0B7,,TORONTO
1435,MARK CASUPANAN,BLOCK 9 LOT 14 CAMELLA HOMES SUBDIVI...,2112,63 916 437 6272,"BRGY,TUGATOG,O"
1436,MARK MACGREGOR,711 Westwood Drive,K9A 5W4,,Cobourg
1437,MARKERVAC INC,P.O.BOX 12322,L4M ...,905-266-1500,VAUGHAN
1438,MARKHAM INDUSTRIAL,"MARKHAM INDUSTRIAL & TRADE SUPPLIES ..., 7-7701 WO...",L3R ...,(905)477-5192,MARKHAM
1439,MARKHAM OUTDOOR POWER,"9441 HIGHWAY 48, UNIT 13",L6E 0H7,905-294-2355,MARKHAM
1440,MARKS SUPPLY INC,300 ARNOLD ST,N2H 6E9,5195785560,KITCHENER
1441,MARLEN TECHNICAL SERVICES INC,18842 NINTH LINE,L0G 1M0,(905)473-6777,MOUNT ALBERT
1442,MARTECH ELECTRICAL SYSTEMS LTD,1700 WOODLAND DR,V1N 1H8,(250)365-2115,CASTLEGAR
1443,MARVEL PLUMBING & DRAINAGE LTD,4728 SMITH AVE,V5R 5S1,604-729-3864,BURNABY
1444,MARVIN A GORODENSKY LLB,"45 ST CLAIR AVE, W SUITE 908",M4V ...,416-323-9395,TORONTO
1445,Masdom Inc.,123 Sunrise Avenue,M4A 2V9,416-751-2380,Toronto
1446,Masen Mechanical Inc.,"155 Regina Road, Unit 1",,905-264-2012,Woodbridge
1447,MASTER GROUP INC,"8865 HIGHWAY 50, UNIT 1",L4H ...,(514)527-2301,VAUGHAN
1448,MASTER UTILITY DIVISION INC,15920 SIDEROAD 17 P.O.BOX # 114,L0C ...,905-251-6336,SUNDERLAND
1449,MASTERCLASS GARAGE DOORS INC,1101-511 THE WEST MALL,M9C 4Z4,437-918-9189,ETOBICOKE
1450,MASTERLIFT INC,2899 PLYMOUTH DR,L6H 6P5,(905)823-5222,OAKVILLE
1451,MATCHBOX CONSULTING GROUP INC,500-1185 W GEORGIA ST,V6E 3M5,604-565-1500,VANCOUVER
1452,MATCOM INDUSTRIAL INSTALLATIONS INC,1531CREDITSTONE RD,L4K ...,905-669-5474,VAUGHAN
1453,MATE PRECISION TECHNOLOGIES (US),1295 LUND BLVD,55303,(763)421-0230,ANOKA
1454,MAUNULA ELECTRIC LTD.,2122 - 95TH STREET,S9A ...,(306)441-3587,NORTH BATTLEFO
1455,MAX PROPANE/1074158 ONTARIO LTD,1354 FRANKLIN ST,P1A 0C9,705-494-6138,NORTH BAY
1456,MAXAN DRYWALL LIMITED,3175 AIRWAY DRIVE,L4V 1W9,"905-829-0070, EXT 226",MISSISSAUGA
1457,Maxim Environmental And Safety Inc,170 Ambassador Drive,L5T 0A4,888-285-2324,Mississauga
1458,MAXIMUM AIR SYSTEMS,2051 Williams Pkwy 6,L6S ...,(905)586-0168,Brampton
1459,MAXI-RISE EQUIPMENT LTD,4-315 DEERHIDE CRES,M9M 2V9,(416)748-8079,TORONTO
1460,MAXPOWER SERVICES INC,8 KING ST.E,M5C 1B5,416-247-2777,TORONTO
1461,MAYA PROMOTION & PRINTING,"330 ESNA PARK DR, UNIT 36",L3R ...,(905)480-9258,MARKHAM
1462,MAZDA OF RICHMOND HILL,10414 YONGE ST,L4C 0Z3,(905)780-9999,RICHMOND HILL
1463,Maze Mechanical Inc.,477 Sandlewood Court,,905-725-4629,Oshawa
1464,MBN MACHINING/2357891 ONTARIO INC.,108 BOOTH RD,P1A 2H3,705-493-2276,NORTH BAY
1465,MC MACHINERY SYSTEMS CA INC,"C/O T42505, Po Box 4258 Stn A",,905-737-1265,Toronto
1466,"MC MACHINERY SYSTEMS,INC",85 NORTHWEST POINT BLVD,60007,630-616-5000,ELK GROVE VILLA
1467,MC REPRODUCTIONS INC,966 PANTERA DR UNIT 14,L4W ...,(800)361-1618,MISSISSAUGA
1468,MCALPINE FORD LINCOLN SALES LTD,15815 YONGE ST,L4G 0L8,(905)841-0800,AURORA
1469,Mcclays Transportation Ltd.,Po Box 5,,,Ingersoll
1470,MCDONALD ELECTRIC LONDON INC,1301 NORMAN AVENUE,N6K 2K1,(519)854-0665,LONDON
1471,McKay Boiler Supplies,"1 Whitmore Drive, unit 21-24",L4L 8...,(905)265-8130,Woodbridge
1472,MCKAY INDUSTRIAL,"MCKAY INDUSTRIAL & MARINE LTD, 24194 61 A...",V2Y ...,604-812-9803,LANGLEY
1473,MCKEOUGH SUPPLY,"35 BAFFIN PLACE, UNIT B",N2V ...,(519)885-1260,WATERLOO
1474,MCKINNON METALS INC,"625 ZENWAY BLVD, UNIT 3",L4H ...,905-264-0964,WOODBRIDGE
1475,MCLENNAN ROSS,"600 MCLENNAN ROSS BUILDING, 12220 STO...",T5N ...,780-482-9200,EDMONTON
1476,MCMASTER-CARR SUPPLY COMPANY (US),600 N COUNTY LINE RD,60126,(330)995-5500,ELMHURST
1477,Mcrae Engineering Equipment Limited,57 Atomic Ave.,M8Z 1V1,416-255-7878,Etobicoke
1478,MDL TELECOM,"35 RUE DE VILLEBOIS, # 100",J8T 8J7,819-246-0203,GATINEAU
1479,MECOM INDUSTRIAL PRODUCTS COM...,22760 MACOMB INDUSTRIAL DRIVE,48036,586-463-7850,CLINTON TWP
1480,Mechanical Contractors,"50 Acadia Avenue, Suite 302",,416-491-9004,Markham
1481,MECHANICAL SERVICES AND MAINTENA...,5 BUCKHORN PL,M9V 1J5,647-294-9414,TORONTO
1482,MediaEdge COMMUNICATIONS INC,5255 YONGE ST. SUITE 1000,M2N ...,(416)512-8186,TORONTO
1483,MEDICINE HAT REFRIGERATION,666-17TH STREET SW,T1A ...,403-526-2835,MEDICINE HAT
1484,MEEHAN'S INDUSTRIAL MAINTENANCE ...,50 HANNANT COURT,L5T 3H5,905-875-0090,MILTON
1485,MEGA CITY GLASS,"C/O 1319388 ONT INC, 860 WILSO...",M3K ...,416-630-1252,TORONTO
1486,MEGGER LIMITED,UNIT 106-550 ALDEN RD,L3R ...,(416)298-6770,MARKHAM
1487,MEL EVANS ELECTRIC,"1136234 ONTARIO LIMITED, 7 BIRCH L...",K7A ...,(613)283-3074,SMITHS FALLS
1488,MELVILLE MECHANICAL LTD,985 MELVILLE ROAD,K0K ...,613-813-8480,CONSECON
1489,Mentec Industrial Equipment Ltd,"6535 Millcreek Drive, Unit # 45",,905-821-9600,Mississauga
1490,MENTOR WORKS LTD,UNIT B-28 BETT COURT,N1C ...,(226)338-5387,GUELPH
1491,MERCHANDISING CONSULTANTS ASSO...,"610 HANLAN ROAD,UNIT A",L4L 4...,905-850-5544,WOODBRIDE
1492,MERCURY LIGHTING LIMITED,71 ORTONA COURT,L4K 3M4,(905)738-6161,CONCORD
1493,Merit Finishing Solution Inc.,1734 Orangebrook Court Unit 20-21,L1W...,(000)000-0000,Pickering
1494,MERX,"PO BOX 11684, STN CENT...",H3C ...,(800)964-6379,MONTREAL
1495,METAL SUPERMARKETS CANADA LTD,"2261079 ONTARIO LTD, 100 HAIST ...",L4L 5...,905-851-0173,VAUGHAN
1496,Metal Works,155 New Huntington Rd,L4H 4X8,(905)670-7015,VAUGHAN
1497,Metalab Inc.,14355 Schi...,,281-642-775,Houston
1498,METALFORMING INC,100 INTERNATIONAL DRIVE,30269,770-631-0002,PEACHTREE CITY
1499,METALOGIC TECHNOLOGIES INC,20 BAYVIEW PARK LN,L4E 1A3,905-773-9939,RICHMOND HILL
1500,METALS PLUS LTD,"1610 MCEWEN DR, UNIT 1-3",L1N ...,905-721-0050,WHITBY
1501,METAX,"PIAZZALE LIBIA, 2",,39 0523 0103,MILANO
1502,METEX CORPORATION LIMITED,12 NEWBRIDGE ROAD,M8Z 5K7,416-240-1920,TORONTO
1503,METRO JET WASH CORPORATION,14 RONSOND DR,M9W...,416-741-3999,TORONTO
1504,MGHL U15BB BOZICEVIC,705 MATHESON BLVD E,L4Z 3X9,,MISSISSAUGA
1505,MIA GUIDA NEMESFALVI,291 Julia Valentia Ave,L4H ...,(000)000-0000,Woodbridge
1506,MICHAEL BLAIR WALKER,98 B PENNIE AVE,P0P ...,416-529-2963,TEHKUMMAH
1507,MICHAEL BOYER CHEVROLET,"MBC CADILLAC BUICK GMC LTD, 715 KINGS...",L1V 1A9,905-831-2693,PICKERING
1508,MICHEL THERIAULT,51 DE LA SABLIERRE,J8Z ...,,GATINEAU
1509,MICHELLE DI PADRE,207 SELWYN ROAD,L4E 0A3,,RICHMOND HILL
1510,"MICHIGAN PRECISION FABRICATORS, LLC",3250 OLD ...,,810-637-5421,"ST 10,COMMERCE "
1511,MICROAGE ABITIBI-TEMISCAMINGUE/90...,447 AVENUE LARIVIERE,J9X ...,819-797-4075,ROUYN-NORNADA
1512,MIDWAY METAL PRODUCT,201 ASHTONBEE RD,M1K 1S4,(416)752-5355,SCARBOROUGH
1513,MILLER MOBILE OFFICES,"W J MILLER LTD, 1732 DUN...",L4X ...,(905)277-1438,MISSISSAUGA
1514,MILLER THOMSON LLP,"SCOTIA PLAZA, 40 KING S...",M5H ...,(416)595-8500,TORONTO
1515,MILLER WASTE SYSTEMS INC,505 MILLER AVENUE,L6G 0A9,905-475-6356,MARKHAM
1516,Milosh Environmental Inc.,#331-1185 The Queesway,,641-234-2016,Toronto
1517,MILTON AUTOMATION INC,"8 AUTOMATIC ROAD, UNIT B 03",L6S ...,905-279-6205,BRAMPTON
1518,MILTON HYDRO DISTRIBUTION INC,200 CHISHOLM DR,L9T 6P4,(905)876-4611,MILTON
1519,MILWAUKEE ELECTRIC TOOL CORP,PO BOX 9493 POSTAL STATION A,M5W...,18002684015,TORONTO
1520,"MIN OF CHILDREN, COMMUNITY & SOCI...","SERVICES- FAMILY RESPON OFFICE, P O BOX 2...",M5S ...,(800)267-4330,TORONTO
1521,MINELEC LIMITED,5000 DUFFERIN ST UNIT J,M3H ...,416-665-5900,TORONTO
1522,Minister of Finance,"8500 Leslie Street, Suite 395, Richmond ...",L3T ...,(000)000-0000,Markham
1523,MINISTER OF FINANCE,"SMALL CLAIMS COURT CLERK, 75 MULCA...",L4M ...,(000)000-0000,BARRIE
1524,MINISTER OF FINANCE,"C/O MINISTRY OF GOVT AND CONSUMER S..., 77 WELLE...",M7A ...,,TORONTO
1525,MINISTER OF FINANCE,,,,
1526,Minister Of Finance Eht,"33 King Street West, P.O. Box 620",L1H 1A1,,Oshawa
1527,MINISTER OF FINANCE (BRITISH COLUM...,,,(000)000-0000,
1528,MINISTER OF FINANCE (MANITOBA),"AC 123934887MT0001, RM 101-40...",R3C ...,(000)000-0000,WINNIPEG
1529,MINISTER OF FINANCE (SASK),"AC 2713832, 2350 ALBE...",S4P ...,(000)000-0000,REGINA
1530,Minister of Finance (TE0001),AC 712411131TE0001,,(000)000-0000,
1531,MINISTER OF FINANCE (TE0001),AC 823629241TE0001,,(000)000-0000,
1532,MINISTER OF FINANCE (TE0001),AC 738290675TE0001,,(000)000-0000,
1533,MINISTER OF FINANCE (TE0003),AC 123934887TE0003,,(000)000-0000,
1534,MINISTERE DU REVENU DU QUEBEC,"QST #1212421371 TQ0001, CP 8025, s...",H5B ...,(000)000-0000,MONTREAL
1535,MINISTRE DES FINANCES,"800, Place D'Youville",G1R ...,,16e etage
1536,MINOR BALL HOCKEY ONTARIO,,,,
1537,Minor Ball Hockey Ontario,"MBHO 2255B Queen Street E, Suite 1179",M4E ...,,Toronto
1538,MIRCOM TECHNOLOGIES LIMITED,25 INTERCHANGE WAY,L4K 5C3,(905)660-4655,VAUGHAN
1539,MIRCOM/GARDIA INDUSTRIES LTD,25 INTERCHANGE WAY,L4K 5C3,905-660-4111,VAUGHAN
1540,MISTER MECH LIFT TRUCK SERVICE,"c/o 605351 ONTARIO LIMITED, 2110 SPEE...",L6L 2...,905-275-8072,OAKVILLE
1541,MISUMI USA INC,"1475 E WOODFILED DRIVE, SUITE 1300",60173,800-681-7475,SCHAUMBURG
1542,MITS AIR CONDITIONING INC,1608 BONHILL RD,L5T 1M9,(905)564-2221,MISSISSAUGA
1543,MITSUBISHI ELECTRIC POWER PRODUC...,PO BOX 640673,1526...,(724)772-2555,PITTSBURGH
1544,"MIURA CANADA CO.,LTD","2030 BRISTOL CIRCLE, UNIT # 104",L6H ...,905-607-4289,OAKVILLE
1545,MINISTER OF FINANCE,"SMALL CLAIMS COURT CLERK, 75 MULCA...",L4M ...,(000)000-0000,BARRIE
1546,MINISTER OF FINANCE,"C/O MINISTRY OF GOVT AND CONSUMER S..., 77 WELLE...",M7A ...,,TORONTO
1547,MINISTER OF FINANCE,,,,
1548,Minister Of Finance Eht,"33 King Street West, P.O. Box 620",L1H 1A1,,Oshawa
1549,MINISTER OF FINANCE (BRITISH COLUM...,,,(000)000-0000,
1550,MINISTER OF FINANCE (MANITOBA),"AC 123934887MT0001, RM 101-40...",R3C ...,(000)000-0000,WINNIPEG
1551,MINISTER OF FINANCE (SASK),"AC 2713832, 2350 ALBE...",S4P ...,(000)000-0000,REGINA
1552,Minister of Finance (TE0001),AC 712411131TE0001,,(000)000-0000,
1553,MINISTER OF FINANCE (TE0001),AC 823629241TE0001,,(000)000-0000,
1554,MINISTER OF FINANCE (TE0001),AC 738290675TE0001,,(000)000-0000,
1555,MINISTER OF FINANCE (TE0003),AC 123934887TE0003,,(000)000-0000,
1556,MINISTERE DU REVENU DU QUEBEC,"QST #1212421371 TQ0001, CP 8025, s...",H5B ...,(000)000-0000,MONTREAL
1557,MINISTRE DES FINANCES,"800, Place D'Youville",G1R ...,,16e etage
1558,MINOR BALL HOCKEY ONTARIO,,,,
1559,Minor Ball Hockey Ontario,"MBHO 2255B Queen Street E, Suite 1179",M4E ...,,Toronto
1560,MIRCOM TECHNOLOGIES LIMITED,25 INTERCHANGE WAY,L4K 5C3,(905)660-4655,VAUGHAN
1561,MIRCOM/GARDIA INDUSTRIES LTD,25 INTERCHANGE WAY,L4K 5C3,905-660-4111,VAUGHAN
1562,MISTER MECH LIFT TRUCK SERVICE,"c/o 605351 ONTARIO LIMITED, 2110 SPEE...",L6L 2...,905-275-8072,OAKVILLE
1563,MISUMI USA INC,"1475 E WOODFILED DRIVE, SUITE 1300",60173,800-681-7475,SCHAUMBURG
1564,MITS AIR CONDITIONING INC,1608 BONHILL RD,L5T 1M9,(905)564-2221,MISSISSAUGA
1565,MITSUBISHI ELECTRIC POWER PRODUC...,PO BOX 640673,1526...,(724)772-2555,PITTSBURGH
1566,"MIURA CANADA CO.,LTD","2030 BRISTOL CIRCLE, UNIT # 104",L6H ...,905-607-4289,OAKVILLE
1567,MJ ELECTRIC LTD,1154 FRANCIS ST,S6H 4K1,(306)692-2855,MOOSE JAW
1568,MK SERVICES AND CONSULTING INC,64 CAVAN STREET,L1A 1R8,289-771-2770,PORT HOPE
1569,MKW COMMERCIAL VEHICLE OUTFITTE...,5-715 MCMURRAY RD,N2V 1Z7,(519)746-0320,WATERLOO
1570,Mma Transportation Ltd.,506-75 Barlake Ave.,L8E 6B4,905-541-6476,Hamilton
1571,MNP LLP,"50 BURNHAMTHORPE RD W, SUITE 900",L5B ...,(416)626-6000,MISSISSAUGA
1572,MOBILEASE RENTALS INC,115 RAM FOREST RD,L4G 0G9,905-841-1433,STOUFFVILLE
1573,MOD TRONIC INSTRUMENTS LTD,12-1 DELTA PARK BLVD,L6T 5T6,18007945883,BRAMPTON
1574,Modatek Systems,400 Chisolm Drive,,,Milton
1575,MODERN CRANE,6000 PROGRESS STREET,L2G 0C8,(905)354-5653,NIAGARA FALLS
1576,MODERN FORK LIFT SERVICE (1996) LIM...,630 GARYRAY DRIVE,M9L ...,416-745-3726,WESTON
1577,MODERN NIAGARA BUILDING SERVICES...,85 DENZIL DOYLE COURT,K2M 2B4,,OTTAWA
1578,MODERN NIAGARA SOUTHWESTERN O...,115 HEMPSTEAD DR UNIT 9& 10,L8W ...,(416)749-6031,HAMILTON
1579,MODTECH INC,1330 MATTHIASVILLE ROAD,P1L ...,705-645-8252,BRACEBRIDGE
1580,MODU-LOC FENCE RENTALS LP,8-124 BELFIELD RD,M9W 1K4,(905)461-6000,TORONTO
1581,MOHIT K WADHWANI-LEASE,702-3220 WILLIAM COLTSON AVE,L6H ...,,OAKVILLE
1582,MOMENTUM INTEGRATED SOLN LTD,"MOMENTUM INTEGRATED SOLUTIONS LTD, 48 PROSP...",L3Y ...,905-895-3263,NEWMARKET
1583,MONARCH PAINTS & WALLPAPER,3620 DUFFRIN ST,M3K 1Z3,416-635-6560,NORTH YORK
1584,MONTREAL SCELLANT INC,"11805 BOUL, RIVIERE-DES-PRAIFIES",H1C ...,514-321-7325,MONTREAL
1585,MOORE AND RUSSELL,86 NORTH BEND ST. UNIT 108,V3B 0M3,236-330-8892,COQUITLAM
1586,MOORE PROPANE,56 GIBSON STREET,P1B 8K8,705-476-2334,NORTH BAY
1587,MORE AUTOMATION SOLUTIONS INC,"3045A SOUTHCREEK ROAD,UNIT 37",L4X 1M3,905-281-7852,MISSISSAUGA
1588,MORGUARD REIT,"PARKLAND MALL CENTRE, #410 4747 ...",T4N ...,403-314-2700,RED DEER
1589,MORICKA ROSE SERVICES INC,40 CHALKFARM CRES,L7A 0J2,,BRAMPTON
1590,Morrison Hershfield Limited,125 Commerce Valley Dr. West. Suite 300,L3T ...,(416)499-3110,Markham
1591,MORTLOCK CONSTRUCTION INC,1970 BROWN LINE,K9J 7B1,"705-745-0579, ext 230",PETERBOROUGH
1592,MORTON CARPENTRY,3504 BASELINE RD,L0E 1S0,(905)955-1070,SUTTON WEST
1593,MOTIONTECH SERVICES INC,"4350 STEELES AVE W, UINT 4",L4L 4...,905-265-1775,WOODBRIDGE
1594,MOTOR CITY CRANE RENTAL INC,1672 BASELINE RD W,L1E ...,(905)436-0500,COURTICE
1595,MOUSER ELECTRONICS INC,1000 N MAIN STREET,76063,800-346-6873,MANSFIELD
1596,Mpi Morheat Inc.,#97-170 Brockport Dr.,,416-675-7329,Toronto
1597,MPOWER ELECTRIC INC,"304 ARNOLD STREET, UNIT C",N8A ...,(866)936-7693,WALLACEBURG
1598,MR DUMPSTER,"C/O 3010198 CANADA INC, 3867 FRA...",K4B ...,613-835-0808,NAVAN
1599,MR JAMES CROSSFIELD,1 HOLMES CRES,L1T 3P1,289-233-7863,AJAX
1600,MR TRUCK DELIVERY LTD,69 CROCKFORD BLVD,M1R 1Y1,,SCARBOROUGH
1601,MR.ROOTER PLUMBING,1617 SACKVILLE DRIVE,B4E 3A8,902-832-8000,MIDDLE SACKVILLE
1602,MS JINGYU ZHANG-LEASE,1223 FAIRMEADOW TR,L6M ...,,OAKVILLE
1603,"MSA SAFETY SALES,LLC","Po Box Lbx #12017, Post Stn A",,416-620-2522,Toronto
1604,MSC REBAR FABRICATION INC,8 COMMERCE CRES,L7J 1S5,905-877-7268,ACTON
1605,MT CONSTRUCTION LTD,770 BROWN'S LINE UNIT 102,M8W...,647-617-1356,ETOBICOKE
1606,MTCC1226,86 Audia Court,L4K 1K5,9057630677,Concord
1607,MTE CONSULTANTS INC,520 BINGEMANS CENTRE DR,N2B 3X9,(519)743-6500,KITCHENER
1608,MULDOON'S OWN AUTHENTIC COFFEE ...,5680 TIMBERLEA BLVD,L4W 4M6,905-712-2233,MISSISSAUGA
1609,MULTEPS SOLAR INC,111 RIVER RIDGE BLVD,L4G 7T7,905-894-0706,AURORA
1610,MULTI HVAC INC,"214 JARDIN DRIVE,UNIT 5",L4K ...,"905-669-1777, EXT 102",VAUGHAN
1611,MULTI SERVICE TECH SOLS INC,"BEST ACCESS DOORS INC, 385 WILSO...",L9G ...,1-800-483-0823,ANCASTER
1612,Multiglass Insulation Ltd.,610 Hanlan Rd,,416 798 3900,Woodbridge
1613,Multi-Line Fastener Supply,1100 Courtney Park Drive,,905-677-4917,Mississauga
1614,MULTITECH FLUID POWER INC,"50 THORNMOUNT UNIT 31,32",M1B ...,416-226-5410,TORONTO
1615,MULTIVIEW LOCATES INC,325 MATHESON BLVD E,L4Z 1Y6,(800)363-3116,MISSISSAUGA
1616,MURRELEKTRONIK INC,2840 ARGENTIA ROAD UNIT 9,L5N ...,905-362-2211,MISSISSAUGA
1617,MUSKOKA AUTO PARTS LIMITED,11 KING WILLIAM ST,P1H 2A0,705-789-4453,HUNTSVILLE
1618,MUSKOKA BARGING & CONSTRUCTION ...,1163 MILFORD BAY ROAD,P0B ...,(705)764-0765,MILFORD BAY
1619,MUSKOKA PARRY SOUND ENGINEERING,"& DESIGN SERVICES INC, 63 JOSEP...",P0B ...,(705)765-0520,PORT CARLING
1620,MUSKOKA STONESCAPE INC,PO BOX 53,P0M ...,(705)783-5741,UTTERSON
1621,MYC GRAPHICS INC,"1146 WESTPORT CRES,UNIT 2",L5T ...,416-907-9491,MISSISSAUGA
1622,MYKON ELECTRIC NORTH INC,3-11 KING ST,L4N 9E9,289-971-5141,BARRIE
1623,N TWO CRYOGENIC,50 Penn Drive,M9M 2G3,"(416)410-6487,EXT 104",Toronto
1624,N.H.D. DEVELOPMENTS LIMITED,800-3700 STEELES AVE W,L4L 0J4,(905)850-6154,VAUGHAN
1625,NANAIMO RAIDERS U13 COED,,,,
1626,National Automation,768 Templemead Dr.,L8W 3M2,(905)388-2066,Hamilton
1627,NATIONAL ENERGY EQUIPMENT INC,1850 DERRY ROAD EAST,L5S 1T1,905-364-1843,MISSISSAUGA
1628,NATIONAL PLASTIC HEATER SENSOR IN...,50 DOCTOR KAY DR,L0G ...,905-859-8225,SCHOMBERG
1629,NCH CANADA INC/CHEM-AQUA,253 ORENDA ROAD,L6W 3K1,1-800-268-0838,BRAMPTON
1630,NDT INSPECTION INC,36 BUNCHBERRY WAY,L6R 1L9,647-916-7692,BRAMPTON
1631,NEDCO Division of REXEL CANADA,"Nedco Div of Rexel canada electrical Inc., P.O. BOX 1...",L4Y ...,(905)712-4020,MISSISSAUGA
1632,NEDCO DIVISION OF REXEL QUEBEC,"Nedco Div of Rexel Canada Electrical Inc, Rexel Can...",,514-332-5100,GATINEAU
1633,MULTI SERVICE TECH SOLS INC,"BEST ACCESS DOORS INC, 385 WILSO...",L9G 2C1,1-800-483-0823,ANCASTER
1634,Multiglass Insulation Ltd.,610 Hanlan Rd,,416 798 3900,Woodbridge
1635,Multi-Line Fastener Supply,1100 Courtney Park Drive,,905-677-4917,Mississauga
1636,MULTITECH FLUID POWER INC,"50 THORNMOUNT UNIT 31,32",M1B 5P3,416-226-5410,TORONTO
1637,MULTIVIEW LOCATES INC,325 MATHESON BLVD E,L4Z 1X8,(800)363-3116,MISSISSAUGA
1638,MURRELEKTRONIK INC,2840 ARGENTIA ROAD UNIT 9,L5N 8G4,905-362-2211,MISSISSAUGA
1639,MUSKOKA AUTO PARTS LIMITED,11 KING WILLIAM ST,P1H 1G6,705-789-4453,HUNTSVILLE
1640,MUSKOKA BARGING & CONSTRUCTION ...,1163 MILFORD BAY ROAD,P0B 1E0,(705)764-0765,MILFORD BAY
1641,MUSKOKA PARRY SOUND ENGINEERING,"& DESIGN SERVICES INC, 63 JOSEP...",P0B 1J0,(705)765-0520,PORT CARLING
1642,MUSKOKA STONESCAPE INC,PO BOX 53,P0M 1M0,(705)783-5741,UTTERSON
1643,MYC GRAPHICS INC,"1146 WESTPORT CRES,UNIT 2",L5T 1G1,416-907-9491,MISSISSAUGA
1644,MYKON ELECTRIC NORTH INC,3-11 KING ST,L4N 6B5,289-971-5141,BARRIE
1645,N TWO CRYOGENIC,50 Penn Drive,M9L 2A9,"(416)410-6487,EXT 104",Toronto
1646,N.H.D. DEVELOPMENTS LIMITED,800-3700 STEELES AVE W,L4L 8M9,(905)850-6154,VAUGHAN
1647,NANAIMO RAIDERS U13 COED,,,,
1648,National Automation,768 Templemead Dr.,L8W 3M2,(905)388-2066,Hamilton
1649,NATIONAL ENERGY EQUIPMENT INC,1850 DERRY ROAD EAST,L5S 1Y6,905-364-1843,MISSISSAUGA
1650,NATIONAL PLASTIC HEATER SENSOR IN...,50 DOCTOR KAY DR,L0G 1T0,905-859-8225,SCHOMBERG
1651,NCH CANADA INC/CHEM-AQUA,253 ORENDA ROAD,L6T 1E6,1-800-268-0838,BRAMPTON
1652,NDT INSPECTION INC,36 BUNCHBERRY WAY,L6R 2C3,647-916-7692,BRAMPTON
1653,NEDCO Division of REXEL CANADA,"Nedco Div of Rexel canada electrical Inc., P.O. BOX 1...",L4Y 3W4,(905)712-4020,MISSISSAUGA
1654,NEDCO DIVISION OF REXEL QUEBEC,"Nedco Div of Rexel Canada Electrical Inc, Rexel Can...",,514-332-5100,GATINEAU
1655,NEDCO REBATE AC 29247,P.O.BOX 1127 STN B,L4Y 3W4,905-712-4020,MISSISSAUGA
1656,NEDCO REBATE AC 42228,"NEDCO DIV OF REXEL CANADA ELECTRICA..., P.O BOX 1...",L4Y 3W4,905-712-4020,MISSISSAUGA
1657,NEELANDS GROUP LIMITED,4131 PALLADIUM WAY,L7M 0V9,905-332-4555,BURLINGTON
1658,NERA INC,"C/O NORTHERN ELECTRICAL REPAIR & ASS..., 400 MOXA...",P3Y 1H9,705-561-0674,LIVELY
1659,NET ELECTRIC LIMITED,#8 - 120 NEWKIRK RD N,L4C 9S7,(905)737-7760,RICHMOND HILL
1660,NETCO ELECTRIC LTD,1-325 FRENETTE AVE,E1H 3S5,(506)858-7879,MONCTON
1661,NETT TECHNOLOGIES INC,6154 KESTREL ROAD,L5T 1Z2,905-672-5453,MISSISSAUGA
1662,NETWORK ELECTRIC LTD,3251 BOTANY COURT,L5N 5Z5,(905)206-1100,MISSISSAUGA
1663,NETWORK POWER SOLUTIONS INC,4170 SLADEVIEW CRESCENT,L5L 0A1,905-502-6353,MISSISSAUGA
1664,NEVTRO PUMPS AND MECHANICAL/NEV...,3-90 CHARTERHOUSE CRES,N5W 5V5,519-451-0930,LONDON
1665,NEW AIR DUCT SERVICE LIMITED,40 FREEMONT AVENUE,M9P 2W3,416-560-4348,TORONTO
1666,NEW TORONTO FOOD COMPANY LTD,188 NEW TORONTO ST,M8V 2E8,416-252-4115,TORONTO
1667,NEW WEST METALS INC,13 HIGGINS AVENUE,R3B 0A3,204-949-0967,WINNIPEG
1668,Newark Element 14,C/O T27537 Po Bx 4275 Stationa,,800-463-9275,Toronto
1669,NEWARK PREMIER FARNELL CA LTD,"NEWARK PREMIER FARNELL CANADA LIMIT..., c/o T27537...",M5W 5V8,(800)463-9275,TORONTO
1670,NEWCASTLE FAMILY CONNECTION DAN...,,,,
1671,NEWCOMB SPRING OF CANADA,6040 SHAWSON DRIVE,L5T 1P5,905-362-0123,MISSISSAUGA
1672,NEWMAN ELECTRIC CO INC.,40 GLOSTER COURT,B3B 1X9,(902)453-1616,DARTMOUTH
1673,NEWMARKET HAWKS 10UA Rep,,,,
1674,NEWPORT ELECTRIC,7468B DUNCAN STREET,V8A 1W7,(604)485-0045,POWELL RIVER
1675,NEWROADS CHRYSLER,17615 YONGE ST,L3Y 5H6,905-898-1925,NEWMARKET
1676,NEXANS AMERCABLE INCORPORATED (...,350 BAILEY RD,71730,(800)643-1516,ELDORADO
1677,NEXGEN MECHANICAL INC,110-343 70TH STREET EAST,S7P 0E1,306-242-7000,SASKATOON
1678,NEXT PLUMBING AND HYDRONICS,300 GALCAT DR,L4L 0B9,(289)982-6398,VAUGHAN
1679,NEXTGEN ELECTRICAL SVCS LTD,1645 CHICKADEE ROAD,V2C 4L9,(250)376-5446,KAMLOOPS
1680,NEXUS MECHANICAL GROUP INC,10 RUSHOLME ROAD,M6J 3H4,647-886-6721,TORONTO
1681,NFR ENGINEERING LTD,7-182 KING STREET,N5A 4S1,,STRATFORD
1682,NICHOLAS MESSINA,164 GLENSIDE DR,L6A 2J3,,MAPLE
1683,NICKLASSON CONSTRUCTION INC,7 SIDEROAD 20,P0P 2C0,519-993-5130,TEHKUMMAH
1684,NICKSON SILVA,1316 ERINMORE DR,L5C 1N7,(647)278-0078,MISSISSAUGA
1685,NIEDAX CANADIAN ELECTRICAL RACEW...,"NIEDAX CER,INC, 2799 BART...",L8E 2J8,(905)337-7522,HAMILTON
1686,NIKOLINA BLAZANOVIC,504-20 CARLUKE CRES,M2L 2J1,(416)893-0031,TORONTO
1687,"Nilfisk, Inc.","Po Box 4485, Postal Stn A",,800-645-3475,Toronto
1688,NIPISI ELECTRIC LTD,PO BOX 1216,T0G 2A0,780-849-3700,SLAVE LAKE
1689,NIXON ELECTRICAL SERVICE LTD,"608 COOK RD, BOX 974",S0G 3N0,(855)435-3112,MOOSOMIN
1690,NK COMBUSTION AND BOILER SERVICE...,25 GLENORA PLACE,L4P 3Y7,,KESWICK
1691,NO SKIDDING PRODUCTS INC,266 WILDCAT RD,M3J 2N5,416-667-1788,TORONTO
1692,NOBLE CORPORATION,7171 JANE ST,L4K 1A7,(905)760-4828,CONCORD
1693,NOBLE CRANE SERVICES AND RENTS,"NOBLE CRANE SERVICES AND RENTALS, 133 Liberty...",,905-597-0090,Bowmanville
1694,NOBLE ELECTRIC LTD MB,"P O BOX 239, 562 CREIGHTON AVE",S0P 0A0,(204)687-0475,CREIGHTON
1695,NORAMCO,7635 TRANMERE DR,L5S 1L4,(905)673-3570,MISSISSAUGA
1696,NORCON,"19 SOUTH CAMP RD, PO BOX 1...",P0T 2W0,(807)229-6700,TERRACE BAY
1697,NORGAS REGULATION & MEASUREMENT,830 SELKIRK AVE,H9R 3S3,514-697-8439,POINTE-CLAIRE
1698,NORKEM INC,"6-295 QUEEN ST.E , SUITE 407",L6W 4S6,905-458-8477,BRAMPTON
1699,NORTEX ROOFING LTD,40 BETHRIDGE ROAD,M9W 1N1,416-236-6090,ETOBICOKE
1700,NORTH AMERICAN LIGHTING PRODUCT...,34-5200 DIXIE RD,L4W 1E4,(905)238-0767,MISSISSAUGA
1701,NORTH TORONTO SENTINELS,,,,
1702,NORTH TUNNEL CONSTRUCTORS ULC,1011 EASTERN AVE,M4L 1A8,734-591-3400,TORONTO
1703,North Wellington Health Care,630 Dublin Street,N0G 2L3,,Mount Forest
1704,NORTHERN CONTROLS SYSTEMS INC,4924 TRAFALGAR RD N,N0B 1H0,905-872-0682,BALLINAFAD
1705,NORTHERN DOCK SYSTEMS INC,415 AMBASSADOR DRIVE,L5T 2J3,905-625-1758,MISSISSAUGA
1706,NORTHERN ECO PULPS LTD,"411-4000 SOMERVALE COURT,SW",T2Y 4J3,613-700-7467,CALGARY
1707,NORTHERN ELECTRICAL CONTRACTORS,4150 VERSATILE PLACE,V2N 4K9,(250)562-0006,PRINCE GEORGE
1708,NORTHERN INDUSTRIAL SUPPLY CO,"1730 MCPHERSON COURT, UNIT 35",L1W 3E6,905-831-8067,PICKERING
1709,NORTHERN MELCARM GROUP INC/MEL...,1180 CASSELLS STREET,P1B 4B6,705-497-1702,NORTH BAY
1710,NORTHSTAR ACCESS CORPORATION,215 MILVAN DR,M9L 2A3,416-231-1610,NORTH YORK
1711,NOVAJET AVIATION GROUP,"2450 DERRY ROAD EAST,HANGER 9",L5S 1B2,905-673-0287,MISSISSAUGA
1712,NSI DISTRIBUTION,"2164929 ONTARIO INC, 450 ALDE...",L3R 5H4,905-752-1234,MARKHAM
1713,NT POWER,590 STEVEN CT,L3Y 6Z2,905-895-2309,NEWMARKET
1714,NTS HOLDINGS LTD/EDCO PLUMBING A...,"EDCO PLUMBING & HEATING, 1138 MCD...",S4N 4X3,306-721-2056,REGINA
1715,NUERA SCAFFOLD/NU ERA CONSULTIN...,41 ENTERPRISE RD,M9W 1C4,905-672-1943,ETOBICOKE
1716,NUSENS NICHE CONTRCT SVCS INC,397 RATHBURN RD,M9B 2M2,437-332-4153,ETOBICOKE
1717,NWR WELDING LTD,25 WEBB ST,L4N 6V2,705-309-8504,BARRIE
1718,NYSU15B Andrews,97 CORLEY AVENUE,M4E 1V3,416-648-5062,TORONTO
1719,O2 MECHANICAL LTD,52 CENTRE ST,L0G 1T0,905-441-4881,SCHOMBERG
1720,OAKVILLE HYDRO ELECTRICITY DISTRI...,"P O BOX 1900, 861 REDW...",L6K 0C7,(905)825-9400,OAKVILLE
1721,Ocean Machinery,6720 NW 1...,,800-286-3624,Ft. Lauderdale
1722,O'DELL HVAC GROUP,"O'DELL ASSOCIATES INC, 5100 SOU...",L7L 6A5,(905)681-3901,BURLINGTON
1723,OES INC,4056 BLAKIE RD,N6L 1P7,519-652-5833,LONDON
1724,OLD MILL CADILLAC CHEVROLET BUICK...,2595 ST.CLAIR AVENUE WEST,M6N 4Z5,416-766-2443,TORONTO
1725,OLDS ELECTRIC & LIGHTING LTD,5406 46TH ST,T4H 1B8,(403)556-0192,OLDS
1726,OLIVIA LAVALLE,2380 GOOSEBERRY WAY,L6M 4T9,905-580-4823,OAKVILLE
1727,OLYMPIA ELECTRIC LTD,10 WALKER DR,C1A 8S6,(902)894-7007,CHARLOTTETOWN
1728,OLYMPIC CRANE SERVICE LIMITED,234 MILLEN RD,L8E 2G9,905-662-2792,STONEY CREEK
1729,OLYMPUS WINDOW FILMS AND ARCHIT...,305-330 HWY 7,L4B 3P8,416-568-1700,RICHMOND HILL
1730,OMEGA CANADA ENVIRONMENTAL TEC...,1416 GRAHAMS LANE,L7S 1W3,905-637-3468,BURLINGTON
1731,OMNI TRANSPORTATION INC/OMNI MOV...,145 IDEMA ROAD,L3R 1A9,647-588-9099,MARKHAM
1732,OMNIFY LIGHTING DIV OF LUMIFY INC,2700 JOHN ST,L3R 2W4,(905)474-0555,MARKHAM
1733,ON POWER SYSTEMS INC - CANADA,1120 LA FAYETTE BLVD,J4K 3B3,(450)442-0000,LONGUEUIL
1734,ON SITE RESCUE INC,1605 CROWLEY LINE,K9J 6X7,,OTONABEE
1735,ON TRACK PROTECTION LIMITED,30 RUSTLEWOOD AVE,L0A 1A0,905-428-1235,BETHANY
1736,ON-CITE SOLUTIONS LTD,4-85 CHAMBERS DRIVE,L1Z 1E2,905-231-0970,AJAX
1737,O'NEIL ELECTRIC SUPPLY LIMITED,150 CREDITVIEW RD,L4L 9N4,(416)798-7722,WOODBRIDGE
1738,ONFLOOR SOLUTIONS LTD,183 FOREST RUN BLVD,L4K 5H3,416-788-3342,CONCORD
1739,Ontario Belting & Power Transmission Co.,371 Hanlan Road,L4L 3T1,(416)798-7333,Woodbridge
1740,ONTARIO BOLLARDS INC,"53 ARMSTRONG AVENUE, UNIT 1",L7G 4S1,289-891-8559,GEORGETOWN
1741,ONTARIO COOLING TOWER SERVICES,4850 Second Line,L0G 1T0,(000)000-0000,Schomberg
1742,ONTARIO CUTTING & CORING LIMITED,1-2398 HAINES RD,L4Y 1Y6,(905)279-2660,MISSISSAUGA
1743,ONTARIO DRYWALL AND TAPING INC/119...,"SUITE A4,9131 KEELE ST",L4K 0G7,647-878-4466,VAUGHAN
1744,ONTARIO DUCT CLEANING,"C/O 1239187 ONTARIO LTD, 100 Ringw...",L4A 1A9,1-800-668-3828,Stouffville
1745,ONTARIO HEATING LTD,4 PINE STREET,M9N 2Y8,416-247-0045,TORONTO
1746,ONTARIO INSULATION OSHAWA LIMITED,"1300 KING STREET EAST, SUITE 31100",L1H 8N9,905-404-9663,OSHAWA
1747,Ontario Insulation Oshawa Limited,Po Box 31100 -1300 King St. E,,905-404-9663,Oshawa
1748,ONTARIO PARKING SYSTEMS LTD,26-400 MATHESON BLVD E,L4Z 1N8,(519)667-1482,MISSISSAUGA
1749,ONTARIO PIPE LINING LTD,4-1260 TERWILLEGAR AVE,L1J 7A5,905-442-5235,OSHAWA
1750,ONTARIO REFRIGERATION & AIR CONDI...,104-133 MILANI BLVD,L4H 4M4,(905)670-0010,VAUGHAN
1751,Ontario Safety Products Inc.,455 Milner Avenue Unit #3,,M1B 2K4,Toronto
1752,ONTARIO SOCIETY OF PROFESSIONAL ...,502-4950 YONGE ST,M2N 6K1,(000)000-0000,TORONTO
1753,Ontario Tools And Fasteners Ltd.,311 Norfinch Drive,M3N 1T3,416-661-1954,Toronto
1754,ONTARIO TRAINING NETWORK,891 CONNORS LANDING,L9T 5C2,289-854-4241,MILTON
1755,Ontario Valve Repair Service Limited,270 Steelcase Road East,L3R 1G2,(905)475-9241,Markham
1756,ONTARIO WIRE & CABLE INC,"5195 HARVESTER ROAD,UNIT 7",L7L 6E9,905-607-7700,BURLINGTON
1757,ONTARIO FILTER & SUPPLY/ONTARIO FIL...,1325 SHAWSON DRIVE,L4W 1C4,905-564-1813,MISSISSAUGA
1758,ONTOR LIMITED,12 LESWYN ROAD,M6A 1K3,(416)781-5285,TORONTO
1759,"ONX ENTERPRISE SOLUTIONS,LTD",20 TORONTO STREET SUITE 800,M5C 2B8,905-482-2292,TORONTO
1760,ONYX FIRE PROTECTION SERVICES INC,400 MATHESON BLVD W,L5R 0H1,(416)674-5633,MISSISSAUGA
1761,OOSTERHOF ELECTRICAL SERVICES,#5 - 1128 SUNNYSIDE ROAD,K0H 1S0,(613)541-0101,KINGSTON
1762,OPTECHA LIGHTING/7276273 CANADA LI...,05-25 VAN KIRK DRIVE,L7A 1A4,416-356-7839,BRAMPTON
1763,OPTIMUS ELECTRIC INC,5868 HIGHLAND AVENUE,V9L 1L6,(778)455-1477,DUNCAN
1764,ORAC Association,"133 Milani Blvd, Unit 104",L4H 4M4,(905)670-0010,Vaughan
1765,ORANGEVILLE HYDRO LIMITED,400 C LINE,L9W 3Z8,519-942-8000,ORANGEVILLE
1766,Ordan Thermal,21 Amber Drive Unit #9,,905-475-9292,Markham
1767,ORSER ELECTRIC (1995) LIMITED,3-655 HARVIE SETTLEMENT ROAD,L3V 1Y7,705-326-6427,ORILLIA
1768,ORTLIEB CRANE & EQUIPMENT LTD,P O BOX 358,N0B 2N0,(519)664-9999,ST JACOBS
1769,OSCAN ELECTRICAL SUPPLIES LTD,209 BLOOR ST E,L1H 3M3,(905)728-3800,OSHAWA
1770,OSHAWA PUC NETWORKS INC,"ATTN: CONTROL ROOM, 100 SIMC...",L1H 7M7,905-723-4626,OSHAWA
1771,OSHAWA PUC NETWORKS INC,100 SIMCOE ST S,L1H 7M7,905-723-4623,OSHAWA
1772,OSHAWA U11 AA,1322 MEATH DR,L1K 0M8,(000)000-0000,OSHAWA
1773,OSPREY ELECTRIC LTD,3-1003 HERRING GULL WAY,V9P 2V1,250-586-6220,PARKSVILLE
1774,Osso Electric Supplies Inc.,"250 Chrysler Drive, Unit # 5",,905-595-1271,Brampton
1775,OTONABEE WOLVES U9 MD-Otonabee Mi...,,,,
1776,OTTAWA CITY ELECTRIC SUPPLY A/C 00...,10 PERDUE COURT UNIT 6,L7C 3M6,613-410-1022,CALEDON
1777,OTTAWA SEPTIC INSPECTIONS,"WAYNE MORRIS, 5036 LOG...",K7S 3G7,(613)791-2466,ARNPRIOR
1778,"Outbound Technologies, Inc.",30026 Res...,,248-735-5000,New Hudson
1779,Owl Timeclock,"310 Judson St, Unit 6",,416-252-1186,Toronto
1780,P and C GENERAL CONTRACT LTD,24-250 SHIELDS COURT,L3R 9W7,(905)479-3015,MARKHAM
1781,P. SQUARE INC,1365 FEWSTER DRIVE,L4W 1A2,905-564-7799,MISSISSAUGA
1782,P10 SOLUTIONS INC,1017 NELLIE LITTLE CRES,L3X 3E6,(647)533-6885,NEWMARKET
1783,P2 POWER SYSTEMS INC,PO BOX 224,N4G 4H5,519-842-2392,TILLSONBURG
1784,Pace Filtration,1645 Queensway East,L4X 3A3,(905)276-9330,Mississauga
1785,PACE SOLUTIONS CORP.,142-766 CLIVEDEN PLACE,V3M 6C7,416-757-1333,DELTA
1786,PACIFIC HEATING & COOLING INC,317-918 16 AVE NW,T2M 0K3,403-263-2887,CALGARY
1787,PACKAGED MAINTENANCE LIMITED,"2 MARCONI COURT, UNIT 2",L7E 1E5,(905)951-1114,BOTLON
1788,Paintline Products Inc.,63 Morrow Rd.,L4N 3V7,800-668-8448,Barrie
1789,PALETTE PAINTWORKS,"C/O 1437917 ONTARIO LTD, 159 MAIN ...",L3R 2G8,647-317-1490,UNIONVILLE
1790,PANDA ENVIRONMENTAL SERVICES,13 CENTENNIAL RD,N2B 3E9,(519)745-4143,KITCHENER
1791,Pankhurst Mechanical Company Ltd.,301 Elgin St. W.,L1J 4L1,905-438-1279,Oshawa
1792,PARAGON MECHANICAL LTD,7245-50TH STREET NW,T6B 2J9,780-469-4614,EDMONTON
1793,PARAGON MICRO CANADA/PARAGON MI...,2425 MATHESON BLVD EAST # 8,L4W 5K4,647-361-2688,MISSISSAUGA
1794,PARALLEL ELECTRICAL AND CONTROLS...,171 MCGREGOR DRIVE,K7C 3P2,613-200-7609,CARLETON PLACE
1795,PARAMOUNT EVENTSPACE,222 ROWNTREE DAIRY RD,L4L 9T2,(905)751-9059,WOODBRIDGE
1796,PARK AIRE SYSTEMS INC,"99 WEST DRIVE, UNIT C",L6T 2J6,905-874-1611,BRAMPTON
1797,PARK ELECTRIC SERVICE COMPANY,166 POWLEY ST,P7A 2K7,807-344-1052,THUNDER BAY
1798,PARKING LINES INC,10 ROCKTON COURT,L6P 4G6,416-402-9834,BRAMPTON
1799,PARSONS AEROCESSORIES LIMITED,221 BARTON STREET UNIT D,L8E 2D3,905-664-6203,STONEY
1800,PATTON & COOKE CO,100-7795-128TH ST,V3W 4E6,6045915374,SURREY
1801,PAUL WOLF LIGHTING & ELECTRIC SUP...,425 ALLIANCE AVE,M6N 2J1,(416)504-8194,TORONTO
1802,PAVESTAR LTD,6 OLDFIELD STREET,L6A 3Y3,416-614-4411,MAPLE
1803,PAYLESS ROOFING INC,36 WARRINGTON CRT,L6W 4G6,416-826-5800,BRAMPTON
1804,PBS ENGRAVING,4480 HILL ST,L0A 1J0,(905)786-2068,NEWTONVILLE
1805,Peacock Lumber Ltd.,328 Ritson Rd. North,L1G 5R2,905-725-4744,Oshawa
1806,"PEBCO SALES INDUSTRIAL,LLC",33675 RIVIERA DRIVE,48026,586-463-7850,FRASER
1807,PEDCO SUPPLY INC,1240 CRESTLAWN DR,L4W 1A6,905-238-1888,MISSISSAUGA
1808,PEFCO DISTRIBUTION INC,34-1730 MCPHERSON COURT,L1W 3E6,905-420-6111,PICKERING
1809,PELICAN ELECTRIC & CABLING LTD,17 SANTANA CRES,T8L 0N7,780-691-8053,FORT SASKATCHE
1810,PENDERGAST SALES LIMITED,5940 AMBLER DRIVE,L4W 2N3,905-625-8811,MISSISSAUGA
1811,Pentair Valves & Controls (Tyco),"1080 Clay Ave, Unit 4",,905-319-5340,Burlington
1812,Peppertree Air Solutions Inc.,"9094 Leslie Street, Unit 7",,905-771-8898,Richmond Hill
1813,Performance Abrasives,1060 Stacey Court,L4W 2S1,(905)629-7007,Mississauga
1814,Perma Pipe Inc.,PO BOX 775822,60677-5822,847-929-1823,CHICAGO
1815,PERMUL LTD,3397 AMERICAN DRIVE UNIT 5,L4V 1T8,905-670-3744,MISSISSAUGA
1816,PETER BROSZ,8 STANDISH CRES,L3P 4A3,,MARKHAM
1817,PETER LAWTON AND SON PLUMB INC,37 CHARLES ST,N6H 1H1,519-434-2306,LONDON
1818,PETERBOROUGH REFRIGERATION,655 THE QUEENSWAY UNIT 3,K9J 7M1,705-741-1488,PETERBOROUGH
1819,PETRO LABORATORIES INC,1295 MATHESON BLVD E,L4W 1R1,905-361-2388,MISSISSAUGA
1820,PHOENIX INDUSTRIAL ELECTRICAL CON...,29-212 WYECROFT RD,L6K 3T9,(000)000-0000,OAKVILLE
1821,PHOENIX METALS,PO BOX 932589,31193,770-447-4211,ATLANTA
1822,PHOENIX MFG LTD,141 FULTON STREET S,L9T 2J8,905-878-2818,MILTON
1823,PHOENIX STEEL INC,353 CLARENCE ST,L6W 1T6,(905)454-5600,BRAMPTON
1824,PI & E CORP,43 DONALD BELL DR,L0R 1C0,905-537-1817,BINBROOK
1825,PINACLE STAINLESS STEEL INC,4665 COUSENS,H4S 1X5,1-800-361-3197,ST-LAURENT
1826,PINCHIN LTD,2470 MILLTOWER CRT,L5N 7W5,(905)363-0678,MISSISSAUGA
1827,PINE GROVE PAINTING,2592 HWY 118 WEST,P0B 1E0,705-706-7609,MILFORDBAY
1828,PINEAU'S FUELS INC,116 TIMBER LANE,C0A 1X0,902-963-2443,NORTH RUSTICO
1829,Pineridge Impress,135 North Port Road,L9L 1B2,905-985-2839,Port Perry
1830,PINNACLE CERTIFICATION INC,"919 CENTRE STREET NW, SUITE 146",T2E 2P6,403-828-9322,CALGARY
1831,PIONEER PLUMBING & HEATING INC,626 KINGSWAY,V5T 3K4,604-872-4946,VANCOUVER
1832,PIONEER TRANSFORMERS LTD,102-2600 SKYMARK AVE BLDG 5,L4W 5E7,(905)625-0868,MISSISSAUGA
1833,Pipe Tools Supply Limited,114 Rivalda Road,,416-749-5830,Weston
1834,PITNEY BOWES LEASING,P O BOX 278,L9W 2Z7,(800)672-6937,ORANGEVILLE
1835,PITNEYWORKS,"AC #6100 9080 0031 1217, P O BOX 280",L9W 2Z7,(800)672-6937,ORANGEVILLE
1836,PITTMAN'S ELECTRICAL,"60 WILSON ST, PO BOX 877",A0E 2M0,(709)279-3894,MARYSTOWN
1837,PLAD EQUIPMENT LTD,680 DE LA SABLIERE,J6Z 4T7,(000)000-0000,BOIS-DES-FILION
1838,PLAN GROUP INC,2740 STEELES AVE WEST,L4K 4T4,(416)635-9040,VAUGHAN
1839,PLATINUM ENTERTAINMENT SOLN,"665 MILLWAY AVE, UNIT 39",L4K 3T8,905-738-3550,VAUGHAN
1840,PLATTS ELECTRIC INC,3845 NORTH CARLETON ROAD,C0B 1A0,902-954-1550,ALBANY
1841,PLC GROUP INC,"208 BRITANNIA ROAD E, UINT-3",L4Z 1S6,1-855-752-4787,MISSISSAUGA
1842,PLOMBERIE CHARBONNEAU INC,1955 RUE CABOT,H4E 1E2,514-766-3531,MONTREAL
1843,PLUMBING AND HEATING,319 MAY ST N,P7C 3R1,807-631-9060,THUNDER BAY
1844,POHLCON CANADA INC/JORDAHL CANA...,35 DEVON RD,L6T 5B6,(905)799-7111,BRAMPTON
1845,Polimex Forwarding Corp.,27 Selby Rd.,L6W 3K7,905-874-0666,Brampton
1846,POLYCAST INDUSTRIAL PRODUCTS LTD,486 SHEPPARD STREET,R2X 2P8,204-632-5428,WINNIPEG
1847,POLYMERSHAPES DISTRIBUTION CA,"P.O.BOX 15500,STATION A",M5W 1C1,905-789-3111,TORONTO
1848,POMAR HARDWARE AND SUPPLY INC,95 NUGGETT CRT,L6T 5A9,"905-791-1858,EXT 124",BRAMPTON
1849,PORT PERRY ANGEL'S,,,,
1850,PORTAL DOCK AND DOOR INC,42 RYAN ST,N1M 0C9,(647)968-5399,FERGUS
1851,PORTLAND BOLT & MANUFACTURING CO,3441 NW GUAM STREET,97212,503-595-5783,PORTLAND
1852,PORTONG HOLDINGS LTD,115 IDEMA ROAD,L3R 1A9,416-391-0443,MARKHAM
1853,POTTINGER GAHERTY ENVIRONMENTA...,1500-1185 WEST GEORGIA ST,V6E 4E6,604-682-3707,VANCOUVER
1854,POWER ENGINEERING AND CONSTRUC...,7171 YONGE ST SUITE 511,L3T 0C4,416-729-3575,THORNHILL
1855,POWER FACTOR SERVICES LTD,1235 FAIRVIEW ST SUITE 299,L7S 2K9,(905)631-1531,BURLINGTON
1856,POWER FIRE SYSTEMS LTD,291 WOODLEY CRESCENT,L9T 8B8,647-613-1972,MILTON
1857,POWER PERFECT SOLUTIONS INC,8 DEMARCHI COURT,L8G 4J5,905-929-7372,STONEY CREEK
1858,POWER PLANT SUPPLY COMPANY LTD,SUITE 12 140 MIDWEST RD,M1P 3B3,416-752-3339,TORONTO
1859,POWER STATION LTD,1050 JAYSON COURT,L4W 2V5,905-565-1621,MISSISSAUGA
1860,POWER TECK LIMITED,19-328 PASSMORE AVE,M1V 5J5,416-281-1394,SCARBOROUGH
1861,POWER VAC G T A LTD,"24 RONSON DR,UNIT # 3",M9W 1B4,416-245-5120,ETOBICOKE
1862,POWER VAC ONTARIO LTD,50 GOEBEL AVE # 2,N3C 1Z1,519-658-4140,CAMBRIDGE
1863,POWER VAC SERVICES,"O/A 708734 ONTARIO LTD, 321 ANCH...",L8W 3R1,905-318-0622,HAMILTON
1864,POWERLINK SOLUTIONS INC,61 MANOR FOREST ROAD,L0G 1M0,647-293-2964,MOUNT ALBERT
1865,POWERLITE ELECTRIC LTD,524 WATER ST PO BOX 7032 STN C,A1E 3Y3,709-726-1180,ST.JOHN'S NL
1866,POWERTRADE ELECTRIC LTD,255 MIDWEST ROAD,M1P 3A6,416-757-3008,SCARBOROUGH
1867,POWERWAVE ENERGY SOLUTIONS INC,4-30 MACINTOSH BLVD,L4K 4P1,(905)660-1162,VAUGHAN
1868,POWERWRIGHT SERVICES INC,25 ROMINA DR,L4K 4Z9,(866)790-3100,CONCORD
1869,PRECISION GAS PRODUCTS INC,1512 Old Falconbridge Road,P3A 4N8,416-720-0079,Sudbury
1870,PRECISION HVAC SERVICES INC,73 LINK POND DRIVE,A2H 0A3,709-764-2440,MASSEY DRIVE
1871,Precision Laboratory Inc.,83 Galaxy Blvd. #8,,416-675-7695,Etobicoke
1872,PREMIER CONCRETE PUMPING,10 COLES CRESCENT,L9W 5W2,866-942-3410,MONO
1873,PREMIER GASKETS INC,4-425 SUPERIOR BLVD,L5T 2W5,905-454-6600,MISSISSAUGA
1874,PREMIER TRUCK GROUP,720 WILSON ROAD SOUTH,L1H 6E8,905-432-3838,OSHAWA
1875,PRERUNNERS INC,31 NISKA DR,L8B 0B2,905-689-0182,WATERDOWN
1876,PRESENTATIONS 2 GO LTD,"5115 MAINGATE DRIVE, UNIT 1",L4W 1G4,905-206-0391,MISSISSAUGA
1877,PRESTON PHIPPS INC,6400 VANDEN ABEELE,H4S 1R9,514-333-5340,SAINT-LAURENT
1878,PRIMARK MANUFACTURING INC,9-577 EDGELEY BLVD,L4K 4B2,(416)523-5342,CONCORD
1879,PRIMARY ELECTRICAL SUPPLY,"NADALIN ENERGY SERVICES INC, 3163 STEE...",L9T 2V4,(905)878-1695,MILTON
1880,PRIME CARE SERVICES/1691198 ONTARI...,18 BROWNLOW AVE,M4S 2K8,416-274-2211,TORONTO
1881,PRIMESPEC DISTRIBUTION INC,315 BREITHAUPT ST,N2H 5H6,(866)254-1194,KITCHENER
1882,Princess Auto,PO BOX 1005,R3C 2W7,(855)725-2733,WINNIPEG
1883,PRINCIPLE AIR SYSTEMS INC,27 DOLEC CRESENT,L4H 3C7,647-722-1170,WOODBRIDGE
1884,PRITCHARD ENGINEERING COMPANY LI...,6114 EDWARDS BLVD,L5T 2V7,(905)564-6608,MISSISSAUGA
1885,PRO IRON CONSTRUCTION,4535 SIDEROAD 20,L0L 1L0,289-980-4574,COOKSTOWN
1886,PRO KONTROL,19-500 ALDEN RD,L3R 5H5,(905)475-9888,MARKHAM
1887,PROAX TECHNOLOGIES,"6700 MILLCREEK DR, UNIT 3",L5N 8B3,905-829-2006,MISSISSAUGA
1888,PROCESS CONTROL & ENGINEERING,"1091 CENTRE RD, SUITE 290",48326,248-340-1888,AUBURN HILLS
1889,Professional Engineering,"Service, LLC, 52361 Mau...",,586-419-9727,Macomb Township
1890,PROFESSIONAL ENGINEERS ONTARIO,,M2N 6K9,,Toronto
1891,PROGRESSIVE FUNDRAISING INC,"o/a PROGRESSIVE GIFT CARDS, 3595 W 31...",V6S 1X8,(888)267-9570,VANCOUVER
1892,PRO-JX GENERAL CONTRACTING LTD/U...,1408 KING ST E,L8M 1H8,(905)538-6408,HAMILTON
1893,PROLIFT RIGGING COMPANY CANADA INC,96 INSPIRE BLVD,L6R 3Y2,289-233-6598,BRAMPTON
1894,PROLINK CONTRACTING & ELECTRICAL...,807 BEATTIE ST,P1B 3S1,705-492-5647,NORTH BAY
1895,PROTHERM MECHANICAL CONTRACTING,35- B Antares Dr Unit 118,K2E 8B1,"613-689-8740, EXT 1002",Ottawa
1896,PROTOMANNI & ASSOCIATES PROGESS...,"401 BAY STREET,16TH FLOOR",M5H 2Y4,905-685-1010,TORONTO
1897,PROTOSTAR LOGISTICS INC,"6541 DERRY RD, PO BOX 2...",L9T 7W8,(905)593-1335,MILTON
1898,PROVINC WINDOW AND GLASS SYST,"PROVINCIAL WINDOW & GLASS SYSTEMS INC, 313 LAWR...",N2M 1Y5,(519)745-4682,KITCHENER
1899,PROVINCE ELECTRIC SUPPLY LTD,6-425 SUPERIOR BLVD,L5T 2W5,(905)795-1795,MISSISSAUGA
1900,PROVINCIAL INDUSTRIAL ROOFING,"PROVINCIAL INDUSTRIAL ROOFING & SHEE..., 166 BOWE...",L4K 1J4,905-669-2569,CONCORD
1901,PROVINCIAL PARTITIONS LTD,1129 NORTHSIDE ROAD,L7M 1H5,905-817-1000,BURLINGTON
1902,Provincial Sheet Metal Worker'S,"36 Eden Valley Dr, Training Tr...",,416-614-7770,Etobicoke
1903,PROVO LTD,620 ROWNTREE DAIRY RD,L4L 5T8,(905)851-9800,WOODBRIDGE
1904,PSI PROLEW INC,975 SELKIRK,H9R 4S4,905-820-6330,POINTE CLAIRE
1905,PTI TRANSFORMERS INC,1155 PARK ST,S4N 4Y8,3067213114 x221,REGINA
1906,PTW CANADA LTD,310 KENSINGTON AVE,S4A 2K9,(306)634-5617,ESTEVAN
1907,PUMPCRETE CORPORATION,6000 PROGRESS STREET,L2G 0C4,"905-354-5653,ext 304",NIAGARA FALLS
1908,PUROLATOR INC,PO BOX 4800 STN MAIN,L4K 0K1,(888)744-7123,CONCORD
1909,PURVES REDMOND LIMITED,SUITE 400-70 UNIVERSITY AVE,M5J 2M4,(416)362-4246,TORONTO
1910,PVS CONTRACTORS INC,5-113 CUSHMAN RD,L2M 6S9,(905)984-5414,ST CATHARINES
1911,QMC METERING SOLUTIONS,1105-573 SHERLING PLACE,V3B 0J6,(604)526-5155,PORT COQUITLAM
1912,QPS EVALUATION SERVICES INC,81 KELFIELD ST UNIT 8,M9W 5A3,(416)241-8857,TORONTO
1913,QSLEW Trust Fund Administrator Local 115,44 Binnington Ct,K7M 8S3,6135474115,Kingston
1914,QuadReal,"3150 Ridgeway Drive, Suite 33",L5L 5R5,,Mississauga
1915,QUALITROL COMPANY LLC,"1385 FAIRPORT RAD,14450",,1-418-262-1002,FAIRPORT
1916,QUANZHOU XINHENG OUTDOOR EQUIPT,"QUANZHOU XINHENG OUTDOOR EQUIPME..., NO 146 QI...",,86-186-5932-21610,QUANZHOU
1917,QUASAR CONSULTING GROUP INC.,250 ROWNTREE DAIRY ROAD,L4L 9J7,(905)507-0800,WOODBRIDGE
1918,QUENCH CANADA INC,"PO box 12225, Station A",M5W 0K5,888-545-7873,TORONTO
1919,QUICK WAY ELECTRICAL (1999) LTD,127 SOUTH WEST DR.S.W.,T1A 8E8,403-526-0688,MEDICINE HAT
1920,Quickdraft Inc.,1525 Perry...,,,Canton
1921,QUINN DRESSEL ASSOCIATES LTD,"890 YONGE STREET, SUITE 300",M4W 3P4,416-961-8294,TORONTO
1922,QVARX INC,40 JOHN F KENNEDY,J7Y 4B7,405-530-7786,ST.HEROME
1923,R & D ELECTRICAL SYSTEMS,82 BLACKTHORNE CRES,N6J 4B5,519-670-1765,LONDON
1924,R C PERRY TRUCKING INC,4669 GREENLANE RD,L0R 1B1,905-327-5201,BEAMSVILLE
1925,R M & S COMPANY LTD.,"1 COMMERCIAL STREET, P.O. BOX 5...",A0R 1B0,(709)282-3644,WABUSH
1926,R S WEBB ELECTRICAL (612974NB LTD),62 LEONARD DR,E4E 2R3,(506)432-6099,SUSSEX
1927,R.C PERRY TRUCKING INC,4669 GREENLANE RD,L0R 1B1,905-327-5201,BEAMSVELLE
1928,R3 & A LIMITED,450 CAMPBELL STREET UNIT 7A,K9A 4C4,905-377-8577,COBOURG
1929,RACHEL HUMENIUK,6592 MOCKINGBIRD LANES,L5N 5K3,(000)000-0000,MISSISSAUGA
1930,"Radwell International - Canada, Ulc",1100 South Service Rd. #101,,855-752-9393,Stoney Creek
1931,RAIL XTRA/ 9169-3382 QUEBEC INC,3325 BOULEVARD LOSCH,J3Y 3V6,1-844-300-0300,SAINT-HUBERT
1932,RAINBOW GENERAL CONTRACTING,198 LANGSTAFF RD E,L3T 3Z7,(905)731-7220,THORNHILL
1933,"RALSTON METAL PRODUCTS LIMITED,",50 WATSON RD,N1L 1E2,(800)265-7611,GUELPH
1934,Randstad Canada,3333 Cote-Vertu Blvd #500,,514-332-1555,Saint-Laurent
1935,RAPID LIFT INC,740 RYE ST,K9J 6W9,705-748-5172,PETERBOROUGH
1936,Ratex Electrical Supplies Inc.,71 Bridgeland Avenue,M6A 2Y6,416-781-8900,Toronto
1937,RAUTH ROOFING LIMITED,7830 MCHUGH ST,N8S 2B8,519-945-6301,WINDSOR
1938,RAYLAN ELECTRICAL SYSTEMS INC,"483 BAY STREET, B1 LEVEL SOUTH",M5G 2C9,416-598-8892,TORONTO
1939,RAYTECH ELECTRICAL SYSTEMS,P O BOX 232,B4H 3Z2,(902)664-8176,AMHERST
1940,RAZOR HEATING & A/C LTD,4-218- WHEELER STREET,S7P 0A9,306-384-4200,SASKATOON
1941,RBC INSURANCE,"RBC INDIVIDUAL NEW BUS. LIFE & LIVING BEN, GTA OPER...",L4W 5S7,(416)855-9100,MISSISSAUGA
1942,RBC MASTERCARD,P O BOX 11749 STN MAIN,H3C 6T4,(866)406-4722,MONTREAL
1943,RCAP LEASING,PO BOX 67,L7R 3X8,(866)876-3695,BURLINGTON
1944,RCM ELECTRICAL,27 LINDS RD,A4H 4T1,709-660-5684,CORNER BROOK
1945,RDI SOLUTIONS INC,8 SETTLERS TRAIL,R1A 2V2,204-898-5841,WINNIPEG
1946,RE/MAX MILLENNIUM REAL ESTATE,25-81 ZENWAY BLVD,L4H 0S5,905-265-2200,VAUGHAN
1947,READY MACH AND EQUIP CA INC,"READY MACHINERY & EQUIPMENT CANADA..., 8080 LAW...",L9T 5C4,(905)875-1990,MILTON
1948,Receiver General,"Corporate Income Tax, 875 Heron ...",,1(800)959-5525,Ottawa
1949,RECEIVER GENERAL FOR CANADA (BLA...,"Canada Revenue Agency, PO BOX 3...",P3A 0C3,(000)000-0000,Sudbury
1950,RECEIVER GENERAL FOR CANADA (BLA...,"Canada Revenue Agency, PO BOX 38...",P3A 0C3,(000)000-0000,Sudbury
1951,Receiver General for Canada (Corporate In...,,,,
1952,RECEIVER GENERAL FOR CANADA (CRA...,"Canada Revenue Agency, PO Box 38...",P3A 0C3,(000)000-0000,Sudbury
1953,RECEIVER GENERAL FOR CANADA (GRI...,"Canada Revenue Agency, PO Box 38...",P3A 0C3,(000)000-0000,Sudbury
1954,RECEIVER GENERAL FOR CANADA (GRI...,"Canada Revenue Agency, PO Box 38...",P3A 0C3,(000)000-0000,Sudbury
1955,Receiver General for Canada (HST),,,,
1956,Receiver General for Canada (Non-Residen...,,,,
1957,Receiver General for Canada (Payroll Tax),,,,
1958,Receiver General of Canada,"CANADA REVENUE AGENCY, PO BOX 3...",P3A 0C3,(000)000-0000,SUDBURY
1959,RECEIVER GENERAL OF CANADA (CRA...,"ACCOUNT 712411131RP, PAYROLL ...",,(000)000-0000,
1960,RECEIVER GENERAL OF CANADA (FOCA...,,,,
1961,RECEIVER GENERAL OF CANADA (FOCA...,"ACCOUNT 823629241RP, PAYROLL ...",,(000)000-0000,
1962,RECEIVER GENERAL OF CANADA (FOCA...,"ACCOUNT 823629241RT, GST/HST ...",,(000)000-0000,
1963,RECEIVER GENERAL OF CANADA (GRID ...,,,,
1964,RECEIVER GENERAL OF CANADA (NRJ),"NON RESIDENT TAX, NRJ223433",,(000)000-0000,
1965,RECEIVER GENERAL OF CANADA (RC),"ACCOUNT 123934887RC0003, RE: FEDE...",,(000)000-0000,
1966,RECEIVER GENERAL OF CANADA (RP),"ACCOUNT 123934887RP, PAYROLL ...",,(000)000-0000,
1967,RECEIVER GENERAL OF CANADA (RP)S...,"ACCOUNT 738290675RP0001, PAYROLL ...",,(000)000-0000,
1968,RECEIVER GENERAL OF CANADA (RT),"ACCOUNT 123934887RT, GST/HST ...",,(000)000-0000,
1969,RECEIVER GENERAL OF CANADA (RT)S...,"ACCOUNT 738290675RT0001, GST/HST ...",,(000)000-0000,
1970,RECEIVER GENERAL OF CDA (ADELON...,"ACCOUNT 800728321RC0001, RE: FEDE...",,(000)000-0000,
1971,RECEIVER GENERAL OF CDA (PORTON...,"ACCOUNT 811265420RC0002, RE: FEDE...",,(000)000-0000,
1972,RECRUITING IN MOTION - MISSISSAUGA,235-4 ROBERT SPECK PKY,L4Z 1S1,(905)863-6636,MISSISSAUGA
1973,RED D ARC LIMITED,667 S SERVICE RD,L3M 4E8,905-643-7877/1-866-930...,GRIMSBY
1974,RED X TECHNOLOGIES INC,1058 MARI ST,K0L 1H0,705-745-3111,BRIDGENORTH
1975,REDWOOD EMPLOYMENT INC,"7685 HURONTARIO ST,SUITE 600",L6W 0B4,905-454-1144,BRAMPTON
1976,REFRIGERATION ACTAIR INC,"1370 RUE JOLIOT-CURIE,SUITE 704",J4B 7L9,450-449-5266,BOUCHERVILLE
1977,REFRIGERATION QUATRE,"REFRIGERATION QUATRE-SAISONS INC, 1764 BOU...",G1N 3Y8,418-681-1176,QUEBEC
1978,REF-TECH MECHANICAL/9003045 CANA...,"2900 SHEFFIELD RD, UNIT 5 & 7",K1B 1A4,613-737-6613,OTTAWA
1979,REGINA ELECTRIC INC,1235 DEVONSHIRE DR,S4X 2Z8,(306)527-4555,REGINA
1980,REGIONAL TRACTOR SALES LTD,1642 HIGHWAY 6,L8B 1C1,905-659-1094,FREELTON
1981,REGIONAL WASTE TRANSIT INC,75 MILLWICK DRIVE,M9L 1Y4,416-417-4671,NORTH YORK
1982,REINBOLD ELECTRIC LTD.,810 - 10 STREET WEST,S0L 1S0,(306)753-7460,KINDERSLEY
1983,RELAY ELECTRICAL SUPPLY,256 HAMILTON CRESCENT. UNIT 2,N0L 1G4,800-461-4939,DORCHESTER
1984,Relec Inc.,"260 Edgelely Blvd., Unit # 14-15",,905-660-4555,Concord
1985,RELIABLE ELECTRICAL CONTRACTING L...,969 WEST 1ST STREET,V7P 1A4,(604)924-3703,NORTH VANCOUVER
1986,REMAC DOOR & HARDWARE DIV,"REMAC BUILDERS HARDWARE INC, 1816 ALST...",L5S 1W1,416-675-1808,MISSISSAUGA
1987,REMI INDUSTRIES LTD,"7885 TRANMERE DRIVER, UNIT 16",L5S 1V8,905-673-3922,MISSISSAUGA
1988,REN ELECTRICAL LIMITED,21 MARINE DRIVE,A5A 1M4,709-466-1240,CLARENVILLE
1989,Renown Electric Motors & Repair Inc,99 Ortona Court,L4K 3M4,416-742-3665,Concord
1990,RENT-A-SON INC,82 ST REGIS CRES N,M3J 1Z4,(416)913-9021,TORONTO
1991,RENWALL INTERIORS LTD,1530 DUNDAS ST W,M6K 1T5,(416)656-5840,TORONTO
1992,REPRODUX LIMITED,1120 BREVIK PLACE,L4W 3Y5,905-673-2000,MISSISSAUGA
1993,REPTAME EQUIPMENT INC/C/O BROSZ T...,"1300 RODICK ROAD, UNIT C",L3R 8C3,(905)936-6979,MARKHAM
1994,REPUBLIC SERVICES/WASTECO,161 BRIDGELAND AVE,M6A 1Z1,(416)787-5000,TORONTO
1995,RESIDEO CANADA LIMITED/ADI/ADEMC...,275 BROADHOLLOW ROAD,11747,(844)558-0506,MELVILLE
1996,REV-AMP ELECTRICAL EQUIPMENT LTD,345 BRUNEL RD,L4Z 1Z5,(800)359-0066,MISSISSAUGA
1997,REVAY AND ASSOCIATES LIMITED,"4333 ST. CATHERINE STREET WEST, SUITE ...",H3Z 1P9,514-932-2188,MONTREAL
1998,REVEAL ENVIRONMENTAL INC,218 INDIAN GROVE,M6P 2H2,416-300-6327,TORONTO
1999,REVENCO (1991) INC,1755 RUE PROVINCIALE,G1N 4S9,(418)682-5993,QUEBEC
2000,REVERSOMATIC MANUFACTURING LTD,790 ROWNTREE DAITY ROAD,L4L 5V3,905-851-6701,WOODBRIDGE
2001,"REXEL UTILITY, A DIVISION OF REXEL CA...",1206 RINGWELL DRIVE-UNIT 5-6,L3Y 8V9,(905)830-3975,NEWMARKET
2002,RG ENGINEERING LTD,2A PEARSON AVE,L4C 8T9,(905)763-6712,RICHMOND HILL
2003,RG GLOBAL CONTRACTING LTD,"UNIT # 1, 201 DRUMLIN CIRCLE",L4K 3E7,416-270-0000,CONCORD
2004,RG GLOBAL SOLUTIONS INC,1943 INNISBROOK STREET,L9S 5A3,416-270-0000,INNISFIL
2005,RG SPEED CONTROL DEVICES LTD,643 CHRISLEA RD,L4L 8A3,(905)856-6724,WOODBRIDGE
2006,RHAPSODY PROPERTY MANAGEMENT ...,500-6 ADELAIDE STREET EAST,M5C 1H6,647-956-0517,TORONTO
2007,Rhi Canada Inc.,"Po Box 3464, Postal Stn A",,905-319-6590,Toronto
2008,RHINO CUTTING SYSTEMS INC,49 EASTON ROAD,N3P 1J4,1-289-245-1020,BRANTFORD
2009,RHINOTEK SOLUTIONS INC,1-53 QUEEN'S PLATE DR,M9W 6P1,(866)407-9325,TORONTO
2010,RI GO LIFT TRUCK LTD,175 COURTLAND AVE,L4K 4T2,416-213-7277,CONCORD
2011,RICART INC,259 LANSDOWNE ST E,K9L 2A3,(705)748-9955,PETERBOROUGH
2012,RICHARDSON FIRE SYSTEMS INC,13 OLD MILL ROAD,N3H 4R8,519-650-8057,CAMBRIDGE
2013,Richmond Hill Small Claims Court,"8500 Leslie Street, Suite 395",L3T 7M8,9057312664,Markham
2014,RIDSDALE METAL PRODUCTS INC,175 SAMUELSON STREET,N1R 1K2,519-623-0640,CAMBRIDGE
2015,RIELLO NORTH AMERICA,2165 MEADOWPINE BLVD,L5N 6H6,905-542-0303,MISSISSAUGA
2016,RIGHT HOUSE INSPECTIONS - ROD CLA...,532-900 GREENBANK RD,K2J 4P6,(613)293-1845,OTTAWA
2017,RIGID WELDING INC,"950 BROCK ROAD, UNIT 3",L1W 2A1,905-492-3770,PICKERING
2018,RIO WELDING LTD,12905 COLERAINE DRIVE,L7E 3B5,905-660-7146,BOLTON
2019,RITELINE ELECTRIC LTD,P O BOX 1536,T0K 1W0,(403)627-5756,PINCHER CREEK
2020,RIVERSIDE ELECTRIC LTD,1954 SOUTH SERVICE RD W,S9H 5J4,(306)778-2428,SWIFT CURRENT
2021,RIVERSON SCAFFOLD LTD,171 TOWNLINE RD,N0B 2J0,519-741-4533,PUSLINCH
2022,RIVIERA AUTOMOBILES,"102 Westhunt Drive, R.R.2",K0A 1L0,(613)831-1304,Carp
2023,RJ MECHANICAL,956 CORNER AVE,L0L 1W0,(416)500-5324,LEFROY
2024,ROADWAY ELECTRIC LTD,1289 BAYSIDE DR,E2J 4S8,(506)343-2844,SAINT JOHN
2025,ROBERT HUTTON,368 HERSEY CRESCENT,L7E 3Z8,416-239-5556,BOLTON
2026,ROBERT SOPER LIMITED,144 CHATHAM,L8P 2B6,"905-528-7936,EXT 246",HAMILTON
2027,Robert Soper Limited,Po Box 277,,905-528-7936,Hamilton
2028,ROBERT'S CARPET CARE,150 LAKESHORE RD W,L5H 3R2,(416)837-5494,MISSISSAUGA
2029,ROBERTS ONSITE,209 MANITOU DRIVE,N2C 1L4,(519)578-2230,KITCHENER
2030,ROBERTS UNIFORMS INC,123 MCMURCHY AVENUE,L6Y 1Z1,647-964-6657,BRAMPTON
2031,ROBERTSON BRIGHT INC.,"2875 Argentia Road, Unit 1",L5N 8G6,(905)813-3005,Mississauga
2032,ROBERTSON ELECTRIC WHOLESALE,"180 NEW HUNTINGTON ROAD, UNIT 2",L4H 0P5,(905)856-9311,VAUGHAN
2033,ROBIN FIRE PROTECTION INC,130 VENETIAN CRESCENT,L4L 5E8,647-267-8955,WOODBRIDGE
2034,ROBINSON SOLUTIONS INC,25 BODRINGTON COURT,L6G 1B6,905-940-9334,MARKHAM
2035,ROCKPINE INC,234 MATHESON BLVD.EAST,L4Z 1X1,905-624-3200,MISSISSAUGA
2036,Rodriguez Transport Inc,339 Wettlaufer Terrace,L9T 7M4,416-358-0706,Milton
2037,ROGERS (BOX 9100),PO BOX 9100,M3C 3P9,(888)764-3771,DON MILLS
2038,Rogers Communications Canada Inc.,"Po Box 2000, Stn D, Attn: Roger...",,1-866-727-2141,Toronto
2039,"Rogers Partners LLP,in trust",,,,
2040,ROGERS PAYMENT CENTRE AC:239-290...,P O BOX 4100,M3C 3N9,(866)727-2141,DON MILLS
2041,ROLARK STAINLESS STEEL INC,71 CONAIR PARKWAY,L4H 0S4,416-798-7770,WOODBRIDGE
2042,ROLLED ALLOYS-CANADA INC,PO BOX 57533 TORONTO STN A,M5W 5M5,800-521-0332,TORONTO
2043,ROLLED ALLOYS-CANADA INC,"7111 SYNTEX DRIVE,SUITE 120",L5N 8C3,800-521-0332,MISSISSAUGA
2044,RONCELLI CONSTRUCTORS CA ULC,6471 METRO PARKWAY,48312,(586)264-2060,STERLING HEIGHTS
2045,ROOM TO GO INC,1031 HWY 6,L0R 1V0,905-689-6389,MILLGROVE
2046,Rory Craddock (In-trust),,,,
2047,ROSEDALE GOLF ASSOCIATION LTD,1901 MT PLEASANT RD,M4N 2W3,416-485-9321,TORONTO
2048,ROSS & MCBRIDE LLP,"1 KING STREET WEST, 10TH FLOOR",L8P 1A4,(905)526-9800,HAMILTON
2049,ROSS AND MCNEILAGE LIMITED,20 AMBER ST UNIT 1,L3R 5P4,905-475-5657,MARKHAM
2050,ROTBLOTT'S DISCOUNTS WAREHOUSE ...,443 ADELAIDE STREET WEST,M5V 1S9,416-703-0456,TORONTO
2051,"ROTO ROOTER PLUMBING,DRAINS,CLE...","SJC ENTERPRISES, 923 OXFO...",M8Z 5T5,(416)503-4444,Tornoto
2052,ROY TURK INDUSTRIAL SALES LTD,106 VULCAN ST,M9W 1L2,(416)742-2777,TORONTO
2053,ROYAL BUILDING SUPPLIES LTD,125 ORMONT DRIVE,M9L 2S3,416-244-2644,TORONTO
2054,ROY'S MAINTENANCE INC,1471 WALLACE RD,L6L 2Y3,416-678-8217,OAKVILLE
2055,RR POWER CONSULTING INC,35-620 DAVENPORT RD,N2V 2C2,(226)647-0231,WATERLOO
2056,RS AMERICAS CANADA INC,"C/O TH0015, PO BOX 4...",M5W 5V2,613-228-1964,TORONTO
2057,RS BREAKERS & CONTROLS,5895 WHITTLE ROAD,L4Z 2H4,(905)501-1510,MISSISSAUGA
2058,RTA ELECTRIC MOTOR CORP,100 ST REGIS CRESCENT SOUTH UNIT 1,M3J 1Y8,416-636-9546,TORONTO
2059,RTC DRIVERS & BUSINESS NETWORK LI...,"20 GILFORD PINES, GILFORD ...",D04 WR13,,SANDYMOUNT
2060,RUBBERLINE PRODUCTS LTD,"6800 KITIMAT RD, UNIT 21 & 22",L5N 5M1,(905)812-8400,MISSISSAUGA
2061,RUGGEDAIR INDUSTRIES LIMITED,710 NORAH CRESCENT,P7C 4T8,807-623-4445,THUNDER BAY
2062,RUSH TRUCK CENTRES OF CA LTD,7450 TORBRAM RD,L4T 1G9,905-671-7600,MISSISSAUGA
2063,RUSSELL METALS INC.,6600 FINANCIAL DRIVE,L5N 7J6,(905)819-7293,MISSISSAUGA
2064,"RW Infrared Sales Inc.,","156 Archdekin Drive,",L4V 1H7,(905)543-5277,Brampton
2065,"Ryan Filter Sales Inc.,","1205 Matheson Blvd.,",L4W 1B6,(905)629-1648,Mississauga
2066,Ryan Truck & Trailer Leasing,Po Box 184,,416-931-1791,Schombert
2067,RYAN ULC,"6775 FINANCIAL DRIVE, SUITE 102",L5N 0A4,905-567-7926,MISSISSAUGA
2068,RYAN'S ELECTRICAL & SECURITY SERVI...,"77 PARADE STREET, SUITE 2",B5A 3B3,902-749-3661,YARMOUTH
2069,RYCOM CORPORATION,"UNIT 8,6201 HIGHWAY # 7",L4H 0K7,905-264-4800,VAUGHAN
2070,RYERSON CANADA INC,"Po Box 57171C/U, Stn A",,905-792-1414,Toronto
2071,S & T ELECTRICAL CONTRACTORS LTD,158 SACKVILLE RD,P6B 4T6,(705)942-3043,SAULT STE MARIE
2072,S&L RAWSON INC,"ACCESS ELECTRICAL SUPPLY LTD, 2779 HER...",L0G 1V0,416-678-5876,SHARON
2073,S&S SUPPLY CROSSTOWN,"S&S SUPPLY CROSSTOWN RENTALS, 1281 TOP...",A1N 5G3,709-747-5558,MOUNT PEARL
2074,S.M.W.I.A Local 30 Production,190 Milner Avenue,M1S 2Z1,416-299-7260,Toronto
2075,S.O.S. ELECTRICAL (1998) LTD,75 15TH ST NW BOX 447,S6V 5R7,(306)764-2443,PRINCE ALBERT
2076,S.T.R METALWORKS INC,5164 MINTO NORMANBY TOWN LINE,N0G 1M0,519-577-9672,CLIFFORD
2077,S4 ENTERTAINMENT & AUDIO VISUAL,16 QUEEN ELIZABETH BLVD,M8Z 1L8,(905)326-4822,ETOBICOKE
2078,SABRINA MORRIS,5834 CLAYTON RD,K4B 1J1,,NAVAN
2079,Safeguard Business Systems Ltd.,Po Box 834,,905-624-3539,Midland
2080,SAFE-GUARD LOCKSMITHS LTD,2914 DUNDAS ST W,M6P 1Y8,(416)789-7889,TORONTO
2081,SAFETECH ENVIRONMENTAL LTD,"3045 SOUTHCREEK ROAD,UNIT 14",L4X 2X7,905-624-2722,MISSISSAUGA
2082,SAFETY KLEEN CANADA INC,"P.O.BOX 15221, STATION A",M5W 1C1,1-800-340-4869,TORONTO
2083,SAFETYSCOPE LTD,"2501 RUTHERFORD ROAD, UNIT 22",L4K 2N6,416-231-3752,VAUGHAN
2084,SALEX INC,435 FINCHDENE SQ,M1X 1B7,416-293-2290,SCARBOROUGH
2085,SALTUM GROUP CONSULTING INC,43 MASSEY ST,L6S 2V8,289-200-4383,BRAMPTON
2086,SAMA PROPERTIES INC,1770 COVINGTON TERR,L5M 3M5,647.577.1171,MISSISSAUGA
2087,SANDER DESIGN LANDSCAPE ARCHITE...,499 JONES AVE,M4J 3G8,(647)207-1703,TORONTO
2088,SARA SCOTT,"25 SHEDDEN STREET, P.O.BOX 407",L0E 1E0,905-716-9242,CANNINGTON
2089,SARENS CANADA INC,6019-35TH STREET,T9E 1E6,780-612-4400,LEDUC
2090,SAROX TECHNOLOGY INC,794 WILSON AVE,M3K 1E2,647-533-2110,NORTH YORK
2091,SAYAL ELECTRONICS,1-3791 VICTORIA PARK AVE,M1W 3K6,(416)494-8999,TORONTO
2092,SCAFFEX INC,1485 ST LAURENT BLVD,K1G 3Z9,(613)907-7223,OTTAWA
2093,SCAN CORE INC,543 BUD GREGORY BLVD,L4Z 2N8,(416)433-2799,MISSISSAUGA
2094,SCANCON LIMITED,198 LANGSTAFF RD E,L3T 3Z7,(647)874-1478,THORNHILL
2095,SCANDINAVIAN BUILDING SERVICES LTD,14238 134 AVE,T5L 5V8,780-477-3311,EDMONTON
2096,SCARBORO PUMP MFG CO LTD,49 CROCKFORD BLVD,M1R 3B7,(416)752-1331,SCARBOROUGH
2097,SCARBORO STEEL WORKS INC,102 MANVILLE RD,M1L 4J1,(416)751-5033,SCARBOROUGH
2098,SCARBOROUGH VAN OUTFITTERS INC,"20 VENTURE DR, UNIT 16-18",M1B 3R7,416724050,SCARBOROUGH
2099,SCENEWORK CONSULTING LTD,"449 LAIRD RD,UNIT # 1",N1G 4W1,519-837-0583,GUELPH
2100,SCHNEIDER ELECTRIC CANADA INC,PO BOX 15046 STATION A,M5W 1C1,1-226-318-3102,TORONTO
2101,SCHWANK LTD,6485 ORDAN DRIVE,L5T 1X2,1-877-686-3779,MISSISSAUGA
2102,SCI LEASE CORP,675 Cochrane Dr,L3R 0B8,,Markham
2103,SCOTIA AIR BALANCE 1996,17 OLD FRANKVILLE BRANCE RD,B0H 1P0,902-232-2491,HAVRE BOUCHER 
2104,Scott Can Industries Ltd.,9523 49 Avenue,T6E 4W8,780-463-5505,Edmonton
2105,SCOTT WOODS TRANSPORT INC,140 MALLOY STREET,L6A 1R9,905-832-4224,MAPLE
2106,SDI SUPPLIES LTD,4935 STEELES AVE W,M9L 1R4,(416)745-8665,TORONTO
2107,SEABLOX INC,195 CENTENNIAL ROAD,L9W 5K9,647-657-5605,ORANGEVILLE
2108,SEALTITE SYSTEMS,12-111 FOURTH AVE,L2S 3P5,905-704-9058,ST.CATHARINES
2109,Searles Motor Products Limited,348 Harris Street,N5C 1C8,519-485-0720,Ingersoll
2110,SEATON'S GENERAL CONTRACTING LTD,12 FINDLAY DR,L9K 0H5,,ANCASTER
2111,SECURE CONTAINER SOLUTIONS/24081...,2A-1185 QUEENSWAY E,L4Y 0G4,(905)817-3216,MISSISSAUGA
2112,SECURE STORE THUNDER BAY INC,325 HWY 527,P7A 0N3,807-683-3422,SHUNIAH
2113,SECURITAS HEALTHCASE LLC,"DEPT,CH 14343",,886-867-8100,PALATINE
2114,SECURITAS TECH CANADA CORP,2495 MEADOWPINE BOULEVARD,L5N 6C3,(905)890-7727,MISSISSAUGA
2115,SECURITY MANAGEMENT SYSTEMS,"DIV.B.T.HALO SECURITY INC, 1574 QUE...",M4L 1G1,(416)360-1902,TORONTO
2116,SECURITY NATIONAL INSURANCE COMP...,"CLIENT ACCOUNTS, PO BOX 2...",E2L 3V1,(416)484-1112,SAINT JOHN
2117,SEDGWICK CANADA INC,"C/O ARLENE MANCINI, 5915 AIRP...",L4V 1T1,888-601-6228,MISSISSAUGA
2118,SEE MORE GRAPHICS/2702107 ONTARI...,506 MCGAUHEY AVE,P1B 1W6,705-467-7701,NORTH BAY
2119,SEER HEATING & REFRIGERATION INC,"4612 62 STREET,UNIT 30",T4N 6T3,403-369-1002,RED DEER
2120,SEGA GROUP INC,5013 MCNEELY RD,K4B 0J3,613-835-9041,NAVAN
2121,SEL SCHWEITZER LABORATORIES INC,"3760 14TH AVENUE , SUITE 200",L3R 3T7,416-557-5410,MARKHAM
2122,Selas Heat Technology Company Llc,11012 Auro...,,216-662-8800,Streetsboro
2123,SEMPLE GOODER ROOFING CORPORAT...,1365 MARTIN GROVE RD,M9W 4X7,4167435370,TORONTO
2124,SENIOR FLEXONICS,134 NELSON STREET WEST,L6X 1C9,905-451-1250,BRAMPTON
2125,SENSORMATIC CANADA INC,7 PAGET ROAD,L6T 5S2,905-792-2858,BRAMPTON
2126,SENTINEL D.E.C SYSTEMS INC,5-410 CHRISLEA ROAD,L4Z 8B5,905-264-9511,WOODBRIDGE
2127,SENTINEL SECURITY INC,"2450 VICTORIA PARK AVE,SUITE 300",M2J 4A2,877-894-1885,TORONTO
2128,SEPTIVAC SERVICE LTD,PO BOX 750,P0H 1H0,705-476-5311,CALLANDER
2129,SERVICE DOOR INDUSTRIES/MERIK,1340 MIDWAY BLVD,L5T 2G8,(905)670-1200,MISSISSAUGA
2130,SERVICE ELECTRIC LTD,1275 CARIBOO HWY 97 N,V2J 2Y3,(250)992-7091,QUESNEL
2131,SERVICECHANNEL.COM INC,18 E 16TH ST 2ND FLOOR,10003,(000)000-0000,NEW YORK
2132,SERVICE-STAT MAINTENANCE LTD,29 BIRCHBANK ROAD,L6T 1L8,647-222-0239,BRAMPTON
2133,SERVOMAX INC,1790 BEAULAC,H4R 1W8,,MONTREAL
2134,Seton,"Po Box 57442, Station A",,800-263-1623,Toronto
2135,SETPOINT BUILDING AUTOMATION INC,"400 SPINNAKER WAY, UNIT 1-3",L4K 5Y9,(905)669-8012,CONCORD
2136,SEW EURODRIVE CO OF CA LTD,210 WALKER DRIVE,L6T 3W1,905-791-1553,BRAMALEA
2137,SEYMOUR SMITH ELECTRIC,"4380 HARVESTER ROAD, UNIT 3",L7L 4X2,905-639-9662,BURLINGTON
2138,Sg (Strainguard) Services,54 Beaverhall Drive,M2L 2V2,416-315-9475,North York
2139,SGI ELECTRICAL SERVICES,416-909-5125,,416-909-5125,
2140,SHARP ELECTRONICS OF CANADA LTD,"C/O T46036, PO BOX 4...",M5W 4K9,905-501-7705,TORONTO
2141,SHARP ELECTRONICS OF CDA LTD,"P.O.BOX 4094, STATION A",M5W 3T1,1-800-265-5155,TORONTO
2142,SHAW ELECTRICAL SERVICES LTD,3164 Barons Rd,V9T 4B5,250-756-4655,NANAIMO
2143,SHEEHANS TRUCK CENTRE INC,4320 HARVESTER RD,L7L 5S4,905-632-0300,BURLINGTON
2144,Sheet Metal Workers' and Roofers' Local 30,190 Milner Ave,M1S 5B6,4162997260,Scarborough
2145,Sheet Metal Workers Local Union 30 Benefi...,45 McIntosh Dr,L3R 8C7,9059469700,Markham
2146,SHELDONS ENGINEERING A DIVISION O...,6660 ORDAN DRIVE,L5T 1J7,905-564-5072,MISSISSAUGA
2147,SHERRARD KUZZ LLP,"EMPLOYMENT & LABOUR LAWYERS, 250 YONG...",M5B 2L7,416-603-0700,TORONTO
2148,SHERWIN-WILLIAMS CANADA INC,"1120 CALEDONIA ROAD, UNIT # 1",,416-744-6547,TORONTO
2149,Sherwood North Commercial Development,5400 Yonge St,M2N 5R5,,Toronto
2150,SHETUSH ELECTRIQUE 2003,283 BOULEVARD DES MONTAGNAIS,G4R 5R1,418-968-8112,UASHAT
2151,SHIELS ELECTRIC,"DIV OF BEAM ENTERPRISES LTD, 327 BREIT...",N2H 5H6,(519)744-1023,KITCHENER
2152,"Shortridge Instruments, Inc.",7855 E. Re...,,480-991-6744,Scottsdale
2153,SIB ELECTRIQUE INC,4150 RUE LESAGE,J1L 0B6,819-821-3634,SHERBROOKE
2154,SICAME ENERGIE,"5400,J.A.BOMBERDIER",J3Z 1G8,450-679-7778,SAINT-HUBERT
2155,SI-CAN GLOBAL LIMITED,1 KING ST W UNIT 302,M5H 1A1,,TORONTO
2156,SIEMENS CANADA LIMITED,1577 NORTH SERVICE RD E,L6H 0H6,(905)799-5990,OAKVILLE
2157,SIEMENS ENERGY CANADA LIMITED,1577 NORTH SERVICE ROAD EAST,L6H 0H6,905-808-9860,OAKVILLE
2158,SIGMA FIRE PROTECTION SERVICES LTD,90 THORNCLIFFE PARK DRIVE,M4H 1M5,866-917-5389,TORONTO
2159,SIGN FX,106 TANSLEY DRIVE,K0A 1L0,(613)831-9622,OTTAWA
2160,SIGNATURE SITE SERVICES INC,6321 248TH STREET,V4W 1C3,1-800-631-1152,LANGLEY
2161,SILENT-AIRE MISSION CRITICAL SERVIC...,44600 GUILFORD DR STE 180,21047,,ASHBURN
2162,SIMPLEX INC,5300 RISING MOON ROAD,62711,800-637-8603,SPRINGFIELD
2163,SIMPLY AUTOMOTIVE,"O/A 1606496 ONTARIO INC, UNIT 13 - 7...",L3R 2N4,(905)475-1430,MARKHAM
2164,SIMPLY SUSTAINABLE ENERGY SOLUTI...,710 YARFIELD CR,L3X 0H4,(416)312-7945,NEWMARKET
2165,SIMPORT MECHANICAL LTD,96 FILIPPAZZO RD,L4H 0M5,416-560-2718,WOODBRIDGE
2166,Sinclair Industrial Roofing,160 Applewood Crescent,L4K 4H2,416-746-5553,Vaughan
2167,Sintrax Instruments,"1800 Sheppard Ave. E., Po Box 55...",,416 385 0006,North York
2168,SIROSKI DOOR & HARDWARE INC,"90 CHARTERHOUSE CRESCENT,UNIT 15",N5W 5V5,519-452-3001,LONDON
2169,SITEONE LANDSCAPE SUPPLY LTD,140A BOWES ROAD,L4K 1J6,,CONCORD
2170,SKEATES CONTRACTING INC,685 ENFIELD RD,L7T 2X9,(905)333-3252,BURLINGTON
2171,SKYLINE ELECTRICAL SUPPLY LTD,1200 FEWSTER DR,L4W 1A1,905-282-0100,MISSISSAUGA
2172,SKYLINE GROUP,19896 HIGHWAY 7,K7H 3C9,613-267-4493,PERTH
2173,SKYTEC RENTALS INC,61 BURFORD RD,L8E 3C6,(855)578-7200,HAMILTON
2174,SKYWALKER ELECTRICAL SYSTEMS LTD,73 WOLF DR,T3Z 1A3,(403)804-8072,REDWOOD MEAD
2175,SKYWAY CANADA LIMITED,170 CLAIREVILLE DRIVE,M9W 5Y3,(416)744-6000,TORONTO
2176,SL REAL ESTATE HOLDINGS LTD,115 IDEMA ROAD,L3R 1A9,,MARKHAM
2177,SLADE ENG SYSTEMS LIMITED,183 SAMUELSON ST,N1R 1K2,519-621-4570,CAMBRIDGE
2178,SLK EGLINTON LRT JV LIMITED,115 IDEMA RD,L3R 1A9,(000)000-0000,MARKHAM
2179,SMARDT INC,1840 TRANSCANADA HIGHWAY,H9P 1H7,514-426-8989,DORVAL
2180,SMART TECH AUTO SERVICE,"1220 AEROWOOD DR, UNIT 1",L4W 1B7,905-624-8607,MISSISSAUGA
2181,SMART-COR INC,10-800 ARROW RD,M9M 2Z8,,TORONTO
2182,SMARTSHEET INC,"500 108th Ave NE, Suite 200",,(844)324-2360,"BELLEVUE ,WA"
2183,SMILLIE MCADAMS & SUMMERLIN LIMIT...,1650 MCEWEN DRIVE,L1N 0A2,905-576-6900,WHITBY
2184,SMITH AND ANDERSEN CONSULTING E...,1100-100 SHEPPARD AVE E,M2N 6N5,(416)487-8151,TORONTO
2185,SMS INDUSTRIAL LTD,643 RAILROAD STREET,N0L 1W0,519-652-5427,MOUNT BRYDGES
2186,SMS SILENCERS INC,1-375 WHEELABRATOR WAY,L9T 3C1,"905-459-1512, EXT 1027",MILTON
2187,SMWIA Local 537,"151 Frobisher Drive, Suite E220",N2V 2C9,,Waterloo
2188,Snowdon HVAC Ontario Ltd.,"1645 Bonhill Rd, Unit 3",L5T 1C1,(905)670-4822,Mississauga
2189,SOLA ENGINEERING INC,"390 EDGELEY BLVD, UNIT 25",L4K 3Z6,905-760-9501,VAUGHAN
2190,SOLAR DIRECT CANADA/888727 ONTARI...,4 MORGAN DRIVE,L7J 2L7,(519)853-2308,ACTON
2191,SOLEX INDUSTRIAL HANDLING,"SOLEX INDUSTRIAL HANDLING EQUIOMENT..., 200 NIPIS...",L9T 1R5,905-876-8686,MILTON
2192,Solutions Plus,13390 Yonge Street,L4E 0L2,416-543-6179,Richmond Hill
2193,SOMERS ENVIRON PRODUCTS INC,"SOMERS ENVIRONMENTAL PRODUCTS INC, 96 MEG D...",N6E 3T7,"519-681-1977, EXT 205",LONDON
2194,SOMERVILLE NATIONAL LEASING & REN...,75 ARROW RD,M9M 2L4,416-747-7576,TORONTO
2195,SOMMERS MOTOR-GENERATOR SALES ...,70 PACKHAM AVE,N4Z 0A6,1-800-690-2396,STRATFORD
2196,SONIC SOIL LIMITED,441 CARLINGVIEW DRIVE,M9W 5G8,(905) 660-0501,ETOBICOKE
2197,SORBARA COMMERCIAL PROPERTIES G...,"3700 STEELS AVENUE WEST, SUITE 800",L4L 8M9,905-850-6154,VAUGHAN
2198,Sos Customer Service Inc.,1025A Lorimar Drive,L5T 2J7,905-670-3050,Mississauga
2199,SOS CUSTOMER SERVICES INC,1025A LORIMAR DRIVE,L5S 1R8,905-670-3050,MISSISSAUGA
2200,SOULARD MULTI SERVICE,7390 LITTLE DEER WALK,K4P 0B5,613-233-0608,GREELY
2201,SOUND SENSATION DISC JOCKEY SERV...,1-6260 HWY 7 (& 27),L4H 4G3,(905)326-4822,VAUGHAN
2202,SOUTH ASIAN AUTISM AWARENESS CE...,63-705 PROGRESS AVE,M1H 2X1,(416)289-0100,SCARBOROUGH
2203,SOUTHERN SUPPLIES LTD,323 BLOOR STREET WEST,L1J 6X4,905-728-6216,OSHAWA
2204,SOUTHLAND MOLE OF CANADA LTD,1100 KUBOTA DR,76249,817-293-4263,GRAPEVINE
2205,SPAENAUR,PO BOX 544 STN C,N2G 4B1,1-800-263-5367,KITCHENER
2206,SPAR CANADA COMPANY,"10 Planchet Road, Unit 21",L4K 2C8,416-783-2676,Vaughan
2207,Spark & Co. Distributions Inc.,"4900, AMB...",J7H 1S6,450-433-2160,BOISBRIAND
2208,SPARKS LIGHT AND ELEC CO LTD,1770 COVINGTON TERR,L5M 3M5,647-577-1171,MISSISSAUGA
2209,SPARTAN RESPONSE INC,234 ARVIN AVENUE,L8E 2L8,905-573-1010,STONEY CREEK
2210,"SPECIAL MINE SERVICES, INC",11782 COUNTRY CLUB RD,62896,1-618-932-2151,WEST FRANKFORT
2211,SPECIALIZED PLUMBING LTD,191 NORTH MURRAY STEET,K8V 6R8,613-813-3494,TORONTO
2212,Specialty Gaskets Inc,"2-295 Superior Blvd.,",L5T 2N8,905-564-0807,Mississauga
2213,SPECIFIED ROOFING INC,315 ATTWELL DR,M9W 5C1,(905)727-0079,ETOBICOKE
2214,Spectrum Powder Coaters Ltd.,63 Medulla Ave,M9B 1B8,416-622-4595,Etobicoke
2215,SPEEDY ELECTRIC MOTORS LTD,"7040 TORBRAM RD, UNIT 3",L4T 3Z4,(905)673-3311,MISSISSAUGA
2216,SPIEGEL SOHMER INC.,"1255 Peel Street, Suite 1000",H3B 2T9,514-875-2100,Montreal
2217,SPINA'S STEEL WORKERS CO.LTD,229 WILKINSON ROAD,L6T 4M2,905-453-2111,BRAMPTON
2218,SPIRAL MASTER CORP,6611 INNOVATOR DR,L5T 2J3,416-788-2101,MISSISSAUGA
2219,SPRAY EQUIPMENT SERVICE CENTER L...,311 S PATTIE AVE,67201,800-666-6072,WICHITA
2220,SPRINT MECHANICAL INC,50 WOODBINE DOWNS,M9W 5R2,(416)747-6059,TORONTO
2221,SQ. ONE CONTRACTING,905-751-6028,L3Y 2J9,905-751-6028,NEWMARKET
2222,ST JUDE'S FC,2150 TORQUAY MEWS,L5N 2M6,(905)814-0220,MISSISSAUGA
2223,ST SOLUTIONS/2193500 ONTARIO INC,69 DON MORRIS COURT,L1C 5P6,(416)841-7433,BOWMANVILLE
2224,ST.GABRIEL'S FEAST,165 PROSPECT AVENUE NORTH,L8L 6X8,,HAMILTON
2225,STADIA GLASS & DOOR,20 BESSEMER COURT,L4K 3C9,9057393939,CONCORD
2226,STAFFORD PLUMBING AND HEATING,1910-17 AVE,T9W 1L2,780-842-5791,WAINWRIGHT
2227,STANDARD MECHANICAL SYSTEMS LIMI...,3055 UNIVERSAL DR,L4X 2E2,(905)625-9772/905-625-...,MISSISSAUGA
2228,STAPLES BUSINESS ADVANTAGE,"c/o T04446C, PO BOX 4...",M5W 4A2,(905)696-4444,TORONTO
2229,STAPLES COMMERCIAL,"P.O.BOX 12199, STATION A",M5W 0K5,1-888-515-8880,TORONTO
2230,STAR FENCING INC,235 BATHURST DRIVE,N2V 2E4,519-745-1900,WATERLOO
2231,STARLITE ELECTRIC LTD,100 BROOKFIELD ROAD,A1E 3T9,709-743-7073,ST.JOHN'S
2232,STARS ON STAGE INC,"25 KINGSBRIDGE GARDEN CIRCLE, SUITE 219",L5R 4B1,(000)000-0000,MISSISSAUGA
2233,STATE BUILDING CORPORATION,"2700 DUFFERIN STREET, UNIT 34",M6B 4J3,416-787-0256,TORONTO
2234,"Steam Specialty Sales Ltd.,",40 Corstate Avenue,L4K 4X2,(416)291-1111,Vaughan
2235,STEEL ART SIGNS CORP,130 PERFORMANCE DRIVE,L4S 0H5,905-474-1678,RICHMOND HILL
2236,STEELCASE TIRES'N'MAGS,"370 STEELCASE RD E, UNIT 1-3",L3R 1G2,(905)479-8884,MARKHAM
2237,STEIN INDUSTRIES INC,19 ARTISANS CRESCENT,N5V 5E9,519-659-3659,LONDON
2238,STEPHENSON ENGINEERING LTD,"2235 SHEPPARD AVE,SUITE E-1100",M2J 5B5,416-635-9970,TORONTO
2239,STEPHENSON'S RENTAL SERVICES INC,6895 COLUMBUS RD,L5T 2G9,(905)507-3650,MISSISSAUGA
2240,STERLING BACKCHECK CANADA CORP,"P.O.BOX 12051, STATION A",M5W 0K5,604-455-5522,TORONTO
2241,STERLING TALENT SOLUTIONS,SUITE 200-19433 96TH AVE,V4N 4C4,(866)455-5596,SURREY
2242,STI POWER INC,55 SALTSMAN DRIVE,N3H 4R7,647-203-6483,CAMBRIDGE
2243,STINSON ELECTRICAL,492 MUSKOKA RD 3 N,P1H 1C6,(705)789-8082,HUNTSVILLE
2244,STL LIGHTING GROUP,68 RAILSIDE ROAD UNIT F,M3A 1A3,416-604-8020,TORONTO
2245,STOEBICH FIRE PROTECTION SYSTEMS...,4451 DORCHESTER RD,29405,843-203-4999,NORTH CHARLEST
2246,STONE MACKAY FIRE PROTECTION,92 CAPLAN AVE SUITE 208,L4N 9J2,705-792-8972,BARRIE
2247,STONE STRONG CONSTRUCTION,23 HOLLIS CRES,L9N 1E7,(905)952-9924,HOLLAND LANDING
2248,STONESCAPES DESIGN LTD,25 DRAPER BLVD,L4J 5Y8,416-881-4728,THORNHILL
2249,STONHARD DIV OF RPM CANADA,95 SUNRAY ST,L1N 9C9,905-483-2053,WHITBY
2250,STOWE GROUP INC,68-101 FESHWAY DR,L4K 1R9,,CONCORD
2251,STRATFORD CRANE RENTAL LTD,4304 HIGHWAY 119,N5A 6S2,519-274-2443,STRATFORD
2252,STRUCTURAL CONTRACTING LIMITED,29 GORMLEY INDUSTRIAL AVENUE,L0H 1G0,416-291-7576,GORMLEY
2253,STS HEALTH & SAFETY TRAINING,54 SANDERLING DR,L3P 6P9,(416)635-7800,MARKHAM
2254,STURGEON LAKE MINOR HOCKEY-U9 T...,,,,
2255,STURGEON THUNDER U11 TEAM RED,,,,
2256,SUBARU OF NORTH BAY,600 MCKEOWN AVE,P1B 7M2,705-472-2222,NORTH BAY
2257,SUBURBAN ELECTRIC COMPANY LTD,51 TRINITY LN,B2G 1V8,905-863-5844,ANTIGONISH
2258,SUDBURY AUTO BODY & INDUSTRIAL S...,175 THOMAS STREET,P3A 1N5,705-560-5200,SUDBURY
2259,Sud-Chemie Inc.,Po Box 56340 Postal Stn A,,781-444-5188,Toronto
2260,SULLIVAN MECHANICAL LTD,985 3RD AVENUE WEST,V8J 1M9,250-624-2708,PRINCE RUPERT
2261,SUMMIT ACCESS SOLUTIONS,12 POLENTA CRES,L7E 5S3,905-799-2408,BOLTON
2262,SUMMIT BUSINESS SYSTEMS LTD,5-229 MAPLEVIEW DR E,L4N 0W5,(905)771-7090,BARRIE
2263,Summit Controls Ltd.,1-48 Queen St. East,N3C 2A8,519-651-2730,Cambridge
2264,SUMMIT WATER/INTERPUMP SUPPLY LTD,4-405 MAPLE GROVE ROAD,N3E 1B6,1-800-265-9355,CAMBRIDGE
2265,SUN LIFE ASSURANCE CO OF CANADA,P O BOX 1601 STN WATERLOO,N2J 4C5,(416)855-9100,WATERLOO
2266,SUN LIFE ASSURANCE COMPANY OF CA...,"MONTREAL HEALTH CLAIMS,COST PLUS, PO BOX 11...",H3C 6C1,,MONTREAL
2267,SUN LIFE FINANCIAL,"GROUP RETIREMENT SERVICES, PO BOX 2...",N2J 0B4,(800)387-7262,WATERLOO
2268,SUNBELT RENTALS OF CANADA INC,"P.O.BOX 99257,STN TERMINAL",V6B 0N5,(705)739-6999,VANCOUVER
2269,SUNCOR ENERGY PRODUCTS INC,"PO BOX 650(Suncor Energy Products Inc., STATION D",,800-668-8060,SCARBOROUGH
2270,SUPER SAVE FENCE RENTALS INC,19395 LANGLEY BYPASS,V3S 6K1,(000)000-0000,SURREY
2271,Super Save Group Of Companies,19395 Langley Bypass,V3S 6K1,(604)533-4423,Surrey
2272,SUPER SAVE TOILET RENTALS INC,19395 LANGLEY BYPASS,V3S 6K1,(000)000-0000,SURREY
2273,SUPER SEAL MFG LTD,670 ROWNTREE DAIRY ROAD,L4L 5T8,905-850-2929,WOODBRIDGE
2274,SUPER SUCKER HYDRO-VAC SERVICE I...,"1343 SANDHILL DRIVE, UNIT 101",L9G 4V5,905-296-4008,ANCASTER
2275,Superior Balancing & Pump Service,25 Haas Rd.,,416-747-7270,Rexdale
2276,SUPERIOR CRANE CANADA INC,110 KONRAD CRESCENT UNIT #9,L3R 9X2,416-740-8107,MARKHAM
2277,SUPERIOR INTERIORS,136 SATURN ROAD,M9C 2S6,416-828-5909,ETOBICOKE
2278,SUPERIOR INTERLOCK CORP,73-39 CENTRAL AVENUE,11385,718-821-8949,GLENDALE
2279,SUPERIOR STEEL ERECTORS LTD,410-14-900 VILLAGE LANE,T1S 1Z6,780-238-8701,OKOTOKS
2280,SUPERIOR TECHNICAL SOLUTIONS INC,"3919 ARTHUR ROSE AVE, BAY 150",S7P 0C8,(306)934-4994,SASKATOON
2281,SUPPLYNOW LIMITED,"4190 STEELES AVE,WEST,UNIT B5",L4L 3S8,(905)725-2266,VAUGHAN
2282,Sur Transport Inc.,1450 Main St. E.,L9T 0R3,469-810-7983,Milton
2283,Sure-Way Paving Ltd.,241 Bridgeland Avenue,M6A 2Y6,416-782-9111,Toronto
2284,SURPLUS ELECTRICAL EQUIPMENT,50 SNIDERCROFT RD,L4K 2K3,(905)660-1475,CONCORD
2285,SUSPENDED STAGES/YORKE HI-LO STA...,34 ENTERPRISE RD,M9W 1C5,416-243-7179,ETOBICOKE
2286,SWTCH ENERGY INC,7 QUEEN ELIZABETH BOULEVARD,M8Z 1L9,1-844-798-2438,ETOBICOKE
2287,SYMPHONY INTERACTIVE INC,"5191 CREEKBANK DR, SUITE e5",L4W 1R3,(905)727-4427,MISSISSAUGA
2288,SYMTECH INNOVATIONS LTD,20 WEST BEAVER CREEK ROAD,L4B 3L6,(905)940-8044,RICHMOND HILL
2289,SYNERGY UNDERGROUND UTL INC,"SYNERGY UNDERGROUND UTILITIES INC, 11192 WO...",L6C 1J5,647-866-4921,MARKHAM
2290,Syntec Process Equipment Ltd.,"77 Pillsworth Rd, Unit 12",,905-951-8000,Bolton
2291,T.A.BUNKER SURVEYING LTD,"ONTARIO AND CANADA LAND SURVEYORS, P.O.BOX 1...",P1P 1V4,705-687-5883,GRAVENHURST
2292,T.H.INDUSTRIAL SOLUTIONS,1550 BAYLY STREET UNIT # 15,L1W 3W1,905-831-4963,PICKERING
2293,T.H.INDUSTRIAL SOLUTIONS INC,"15-1550 BAYLY STREET, UNIT 15",L1W 3W1,905-831-4963,PICKERING
2294,TABCAN LTD,40 Charters Rd,L6V 2S5,647-291-1190,Brampton
2295,TAC TECHNOLOGIES/ 2545724 ONTATIO ...,1036 CLOVERDALE CRT,P0M 1E0,705-988-7777,BLEZARD VALLEY
2296,TACOMA ENGINEERS INC,"176 SPEEDVALE AVENUE, WEST",N1H 1C3,519-763-2000,GUELPH
2297,TAFF GUARD FILTRATION/BFS TECHNOL...,1134 WESTPORT CR,L5T 1G1,905-629-1110,MISSISSAUGA
2298,TAM INDUSTRIAL SUPPLY LTD,40 MADRON CRESCENT,M3J 1J1,647-449-1224,TORONTO
2299,TANDET INDUSTRIAL,1351 SPEERS ROAD,L6L 2X5,613-887-2617,OAKVILLE
2300,TANYA O TOOLE,"Ladies Softball Team, Joe Bauer f...",,,
2301,TARRA ENG AND STRUCT CONS INC,"2800-14TH AVE.,#300",L3R 0E4,905-470-6952,MARKHAM
2302,TAYLOR ANTHONY,58 BLACKFRIAR AVE,L1M 2C1,647-917-6465,BROOKLIN
2303,Td Visa,P.O.B./C.P. 611,M1S 5H5,,Agincourt
2304,TECH ELECTRIC INC,2353 ANSON DR # 1,L5S 1G1,,MISSISSAUGA
2305,TECHNICAL PLASTICS INC,18-951 DENISON ST,L3R 3W9,905-943-7330,MARKHAM
2306,TECHNICAL STANDARDS AND SAFETY A...,"BOILERS AND PRESSURE VESSELS SAFETY..., 14TH FLO...",M8X 2X4,(877)682-8772,TORONTO
2307,Techtric Engineering Ltd.,150 Bridgeland Avenue Suite 10,,905-597-5855,Toronto
2308,TEGG CORPORATION (C),"c/o ABM FRANCHISE - WELLS FARGO, 401 MARK...",19106,(412)765-2266,PHILADELPHIA
2309,TEK PLUMBING HEATING INC,11434 89 AVENUE,T8V 5V8,780-402-2551,GRANDE PRAIRIE
2310,TEK-MOR INCORPORATED,121 HEALEY ROAD,L7E 5B2,905-857-6415,BOLTON
2311,Telnet Communications,"50 Richmond St. East,Suite 107, Mclaughlin ...",,,Oshawa
2312,TELONIX COMMUNICATIONS INC,15-305 INDUSTRIAL PKWY S,L4G 6X7,905-727-3050,AURORA
2313,Telus Mobility,P.O. Box 5300,,,Burlington
2314,TEMPERATURE CORPORATION,"111 ESNA PARK DR, UNIT 7",L3R 1H2,905-513-8310,MARKHAM
2315,TEN CANADA LTD,1880 BRITANNIA ROAD E,L4W 1J3,,MISSISSAUGA
2316,TENAQUIP LIMITED,22555 AUT TRANSCACADIENNE,H9X 3L7,"514-457-7122, 3235",SENNEVILLE
2317,Tenecom Solutions,522 Glengrove Avenue West,M4R 1M8,416-636-3330,Toronto
2318,"Tequipment An Interworld Highway, LLC Company",PO Box 4067,,732-222-7077,Long Branch
2319,TERRA HX INC,717 SAFARI ROAD,L8B 1S3,905-659-9604,MILLGROVE
2320,TERRAPROBE INC,11 INDELL LANE,L6T 3Y3,(905)796-2650,BRAMPTON
2321,TERRAZZO MOSAIC & TILE COMPANY LI...,900 KEELE STREET,M6N 3E7,416-653-6111,TORONTO
2322,TERRENCE and MARILYN CHADWICK,,,(000)000-0000,
2323,Test Products International Ltd.,"342 Bronte Street S, Unit # 6",,905-693-8558,Milton
2324,TEXCAN - DIV OF SONEPAR CANADA INC,250 CHRYSLER DR UNIT 6,L6S 6B6,(905)595-3451,BRAMPTON
2325,T-FAB MECHANICAL SERVICES INC,"C/O 2798914 ONT INC, 18565 BAT...",L9N 0K4,(905)953-4208,EAST GWILLIMBURY
2326,THE BLASTMAN COATING LTD,353 CLARENCE ST,L6W 1T6,905-450-0888,BRAMPTON
2327,THE CADILLAC FAIRVIEW CORPORATIO...,,,,
2328,The Canadian Engineers Inc.,619 Maripose Lane,L5B 2Y5,4168575544,Mississauga
2329,THE CITY OF WINNIPEG,"Planning,Property and Development, Unit 31-30 ...",R3C 4X7,204-986-5140,Winnipeg
2330,The Commodities Group Inc.,"Po Box 30034 5979 Baldwin St S, Brooklin To...",,844-622-2728,Whitby
2331,THE CORING COMPANY,7B-200 TROWERS RD,L4L 5Z7,905-850-2501,VAUGHAN
2332,THE CORPORATION OF THE CITY OF KIT...,"FINANCE AND CORPORATION SERVICES,RE..., PO BOX 11...",N2G 4R6,519-741-2450,KITCHENER
2333,THE CORPORATION OF THE CITY OF OS...,50 CENTRE ST.S,L1H 3Z7,905-436-3311,OSHAWA
2334,THE ENGRAVING SHOPPE/698871 ONTA...,189 JANICE ST,P1B 6M1,705-493-3479,NORTH BAY
2335,The Equitable Life Insurance Company of C...,"c/o BentallGreenOak (Canada) LP, 1875 Buck...",L4W 5P1,,Mississauga
2336,THE GRAFF COMPANY ULC,3210 AMERICAN DR,L4V 1B3,(905)457-8120,MISSISSAUGA
2337,The Hazcon Group Ltd,"1120 Finch Avenue West, Suite 608",,416-736-1214,Toronto
2338,THE JESSLIN GROUP LIMITED,1-200 COCHRANE DR,L3R 8E7,(416)757-8280,MARKHAM
2339,The Mechanical Contractors,"2880 Temple Drive, Suite 202",,519-974-3411,Windsor
2340,THE MELOUCIE COMPANY,20 KEYZER DR,L3V 8N7,705-718-3370,ORO-MEDONTE
2341,The Modatek Social Committee,400 Chrisholm Drive,,905-864-3400,Milton
2342,THE MODERN MIRACLE FOUNDATION,33 REDMOUNT ROAD,M3H 2A2,416-670-7515,TORONTO
2343,THE ORCHARD AT CRAIGLEITH,101-2645 SKYMARK AVE,L4W 4H2,(000)000-0000,MISSISSAUGA
2344,THE RENTAL HUB,1987 BASELINE ROAD WEST,L1E 274,905-623-9001,COURTICE
2345,THE RESET TEAM CORP.,28 ESSEX AVENUE,L3T 3Y7,(905)882-3140,MARKHAM
2346,THE STAFFING EDGE ULC,"7685 HURONTARIO ST, SUITE 600",L6W 0B4,(905)454-1144,BRAMPTON
2347,THE STATE GROUP INC,3206 ORLANDO DRIVE,L4V 1R5,613-835-9920/905-672-2...,MISSISSAUGA
2348,THE TOOL DOCTOR (MILNER),70 MILNER AVENUE UNIT 2,M1S 3P8,(416)292-2290,SCARBOROUGH
2349,THE TOWNSHIP OF IGNACE,"PO BOX 248, 34 HIGHW...",P0T 1T0,8079342202,IGNACE
2350,THE TRH GROUP PARALEGAL PROFESS...,"PROFESSIONAL CORPORATION, 132 COMM...",L4N 027,(905)669-9517,BARRIE
2351,THE UALOCAL 787 HEALTH TRUST FUND,"PLAN ADMINISTRATION OFFICE, 45 MCINT.",L3R 8C7,(905)946-2220,MARKHAM
2352,THE URBAN ARBORIST INC,3-3 BREWSTER ROAD,L6T 5G9,416-833-6467,BRAMPTON
2353,THE UTILITY ASSOCIAT...,"OF ONTARIO, PO BOX 2...",M1N 4E7,(416)527-0360,SCARBOROUGH
2354,THE UTILITY ASSOCIAT...,70 Leek Crescent,L4B 1H1,,Richmond Hill
2355,THE WIRING MART LTD,51 BERTRAND AVE,M1L 4P3,416-752-7360,SCARBOROUGH
2356,THE WOOD DECOR GROUP INC/DG GR..,161 VINYL CRT UNIT 1,L4L 4A3,905-612-1400,WOODBRIDGE
2357,"Thermacut, Inc.",153 Charle.,,800-932-8312,Claremont
2358,THERMAL HYDRONIC SUPPLY LTD,101 SHARER ROAD,LAL,(905)265-1527,WOODBRIDGE
2359,THERMAL MECHANICAL SYSTEMS INC,807 HAROLD CR,P7C 5H8,807-345-5200,THUNDER BAY
2360,THERMAL RESOURCES MANAGEMENT (.,175 IDEMA RD,L3R 1A9,(905)940-4737,MARKHAM
2361,THERMAL SAFETY SUPPLY,5100 SOUTH SERVICE RD SUITE 31,L7L 6A5,905-333-1242,BURLINGTON
2362,Thermix Combustion Systems Inc.,7400 Chemin St Francois,H4S 2B7,514-695-0681,St Laurent
2363,THERMOGENICS INC,6 SCANLON COURT.,L4G 7B2,(905)727-1901,AURORA
2364,THERMO-KINETICS COMPANY LTD,"THERMO-KINETICS MEASUREMENT & CONT..., 6740 INVA.",,(905) 670-2266,MISSISSAUGA
2365,THERMON CANADA INC,1806 CENTRE AVE NE,T2E 0A6,403-273-5558,CALGARY
2366,Thermon Heating Systems,2721 Plymouth Drive,L6H 5R5,(905)829-4422,Oakville
2367,Thermoworks Inc.,741 East U,,800-393-6434,‘American Fork
2368,THIES ELECTRICAL DISTRIBUTING COM...,9-125 MCGOVERN DRIVE,N3H 4R7,519-650-1027,CAMBRIDGE
2369,THIRD COAST ENGINEERING INC,200 CHESTER ROAD,N0R 1G0,226-345-0814,HARROW
2370,THOMAS EDISON ELECTRIC,"C/O 100719 PEI INC, 167 CENT...",C1N 3L7,902-436-0719,SUMMERSIDE
2371,THOMKESS CRANE RENTALS,40 FULTON DR,K0M 1A0,(866)291-9080,BOBCAYGEON
2372,THOMPSON POWER SYSTEMS/THOMSO..,4916-275 Street,V4X 2G4,(604)888-0110,LANGLEY
2373,Thorcan,2300 Industrial St,L7P 1C6,905-332-0800,Burlington
2374,THOSE GUYS PLUMBING AND ELECTRIC...,215 BROOKSIDE AVE,B2H 3E4,,NEW GLASGOW
2375,THREE WAY ELECTRICAL SYSTEMS ING,9737 42 AVE NW,T6E 5P8,(780)469-3721,EDMONTON
2376,THYSSENKRUPP MATERIALS NALTD,2821 LANGSTAFF ROAD,L4K 4J7,1-800-926-2600,CONCORD
2377,TIANA ANUSHEVA,1405 SANDPIPER RD,L6M 3W4,289-772-8520,OAKVILLE
2378,TIM REID PROPERTY MANAGEMENT.,PO BOX 680,N0H 2P0,(416)473-1425,THORNBURY
2379,TIN KNOCKERS CUSTOM LTD.,1201 NICHOLSON ROAD,L3Y 7B4,416-502-2878,NEWMARKET
2380,TIP FLEET SERVICES CANADA LTD,1880 BRITANNIA ROAD EAST.,L5T 1A2,855-670-7077,MISSISSAUGA
2381,Tirebutler,109 Bridgeland Ave.,M6A 2Y6,416-234-1688,Toronto
2382,TISKO TIMES EMPIRE TTE INC.,801-2460 WESTON RD,M0N 2A4,647-765-4385,TORONTO
2383,TITAN SCANNING LTD,3-2479 DELZOTTO AVENUE,K1T,613-822-7111,OTTAWA
2384,TITANS VOLLEYBALL ASSOCIATION,,,,
2385,TJB INCORPORATED,33600 LIBERTY PARKWAY,44039,"440-327-6154, EXT 15",NORTH RIDGEVILLE
2386,TK ELEVATOR CANADA LIMITED,600-2075 KENNEDY RD,M1P 2N9,(416)291-2262,SCARBOROUGH
2387,TML INDUSTRIES LTD,1745 Mcpherson Court,L1W 3X3,416-324-3024,Pickering
2388,ML SUPPLY COMPANY/TML SUPPLY PE,2040 FISHER DR,K9J 7M3,705-745-4736,PETERBOROUGH
2389,TOMBARI ELECTRIC LTD,1187 GREAT NORTHERN ROAD,P6B,,S.S.MARIE
2390,Tomlinson Enterprises Ltd.,768 Chester St,N7S 5N1,(519)344-2920,Samia
2391,TOMLINSON ENVIRONMENTAL SERVICE...,100 Citigate Drive,K2J 6K7,(613)822-1867,Ottawa
2392,TOP TIER TALENT GROUP INC,"PO BOX 4071, MCCOWA..",M1H 0A4,416-970-8252,SCARBOROUGH
2393,TORCAN LIFT EQUIPMENT LTD,115 RIVALDA ROAD,M9M 2M6,1-833-743-2500,NORTH YORK
2394,TORKIN MANES LLP,151 YONGE ST SUITE 1500,M5C 2W7,(416)863-1188,TORONTO
2395,TORMARK CONSTRUCTION,2374 OLD PHEASANT RD,L5A 2P1,416-452-7799,MISSISSAUGA
2396,TOROMONT POWER SYSTEMS,268 ORENDA RD,L6T 1E9,(905)488-2500,BRAMPTON
2397,TORONTO AUTO SALES & LEASING LTD,6745 PACIFIC CIRCLE,L5T 1T9,(905)564-1066,MISSISSAUGA
2398,Toronto Construction Association,70 Leek Crescent,L4B 1H1,416-499-4000,Richmond Hill
2399,TORONTO DISTRICT SCHOOL BOARD,"FACILITY SERVICES., 15 OAKBU",M2N 2T5,(416)395-4509,TORONTO
2400,TORONTO HYDRO-ELECTRIC SYSTEM L.,"MISCELLANEOUS ACCOUNTS RECEIVABLE, 500 COMM...",M4M 3N7,(416)542-3100,TORONTO
2401,"TORONTO HYDRO-ELECTRIC SYSTEMS,",PO BOX 4490 STNA,M5W 4H3,(000)000-0000,TORONTO
2402,TORONTO INDIAN YOUTH CULTURALAS.,1881 WILDFLOWER DRIVE,L1V 7A6,416-998-0582,PICKERING
2403,TORONTO INSPECTION LTD,16-110 KONRAD CRES,L3R 9X2,(905)940-8509,MARKHAM
2404,TORONTO INSULATION SYSTEMS LTD.,935 WESTON RD,M6N 3R4,416-366-5414,TORONTO
2405,Toronto Police Service,"40 College Street, 10Th Floor",M6C 2E5,416-808-7927,Toronto
2406,TORONTO VENTING SOLUTIONS ULC.,"1610 PROFESSIONAL BLVD, SUITE K",21114,410 793 0202,CROFTON
2407,TOTAL CONTROL,"10620 Yonge Street, Suite 30537",L4C 0C7,905-884-8464,Richmond Hill
2408,TOTAL ELECTRICAL SOLUTIONS INC.,303 WESTMORTLAND ROAD,E2J 2G2,506-674-1883,SAINT JOHN
2409,TOTAL PLUMBING SOLUTIONS/1945878 ...,42703 SOUTHDALE LINE,N5R 3C2,519-933-0014,CENTRAL ELGIN
2410,TOTAL POWER LIMITED,6450 KESTREL RD,L5T 1Z7,(905)670-1535,MISSISSAUGA
2411,TOTAL TRANSPORTATION SOLUTIONS INC,20 CASEBRIDGE COURT,M1B 3M5,(416)636-1444,SCARBOROUGH
2412,TOUCHSTONE BUILDING TECHNOLOGIE.,1601 VICTORIA ST N - UNIT C206,"N2B 3E6,",(519)997-2792,KITCHENER
2413,TOWN OF THE BLUE MOUNTAINS,"32 MILL ST, PO BOX 310",N0H 2P0,(519)599-3131,THORNBURY
2414,Town of Whitby,575 Rossland Road East,L1N 2M8,(905)668-5803,Whitby
2415,TOWNSHIP OF MUSKOKA LAKES.,"1 BAILEY ST, PO BOX 129",P0B 1J0,(705)765-3156,PORT CARLING
2416,TPH LAW PROFESSIONAL CORP,301-110 C.,L6B 0P9,289-378-8784,MARKHAM
2417,TPP UTILITIES INC,2-346 QUEEN ST W,L6X 1B2,905-567-4637,BRAMPTON
2418,TPS PROMOTIONS & INCENTIVES,"351 STEELCASE RD.W.,UNIT 1",L3R 4H9,905-474-9304,MARKHAM
2419,Trabur Painting Limited,83 Finch Avenue,L1V 1H5,416-297-8686,Pickering
2420,TRACE ELECTRIC,"C/O 1022423 ONTARIO LTD, 11-825 DE.",L3R 5E4,905-415-0300,MARKHAM
2421,TRACE FIRE PROTECTION,11-825 DENISON ST,L3R 5E4,(905)415-0300,MARKHAM
2422,Trade Electric,99 Sante Drive,,416-213-7111,Concord
2423,TRADE-MARK INDUSTRIAL INC,250 ROYAL OAK ROAD,N3E 0A4,519-650-7444,CAMBRIDGE
2424,Trak It Wireless Inc.,630 The EastMall,M9B 4B1,(416)641-1300,Etobicoke
2425,TRANE CANADA ULC,3080 BETAAVE,V5G 4K4,(416)499-1616,BURNABY
2426,TRANS CANADA ENGINES,19877 BATHURST STEET UNIT 7& 8,L0N 1N3,905-836-0678,HOLLAND LANDING
2427,TRANS CANADA WOOD PRODUCTS INC,"7735 COUNTY ROAD, UNIT 27",,705-721-1116,BARRIE
2428,TRANSCANADA TRANSFORMERS & SWI,968 DILLINGHAM RD,L1W 1Z6,(905)839-6803,PICKERING
2429,TRANSCAT CANADA INC,"T57045C, Po Box 57...",,800-897-0067,Toronto
2430,TRANSOM CORPORATION,"40 MILLS RD, UNIT F",L4N 6H4,705-717-8010,BARRIE
2431,TREASURER CITY OF TORONTO BOX 5000,BOX 5000,M2N 5V1,(416)392-0719,TORONTO
2432,TREASURER CITY OF TORONTO BOX 6000,BOX 6000,M5A 3J7,(416)392-0719,TORONTO
2433,Treasurer Of Ontario,,,,Toronto
2434,TRI ELECTRIC LTD,4901 - 57 ST BOX 7168,T7A 1J9,(780)542-4212,DRAYTON VALLEY
2435,REFRIGERATION INC,1-2912 EBY STREET,V8G 2X5,250-635-2144,TERRACE
2436,SEARCH GROUP INC.,2069 SCHOOLMASTER CIRCLE,L6M 3A1,416-871-3585,OAKVILLE
2437,TRI-DIM HARDY INC/MANN PLUS HUMM...,2405 RUE JULES VACHON,G9A 5E1,450-635-9069,"TROIS-RIVIERES,"
2438,Trillium Hydronics,"1040 Martingrove Road , Uint # 2",4W4,(416)244-2500,Toronto
2439,TRIMBLE CANADA CORPORATION,"1741 LOWER WATER STREET, SUITE 600",B3J 0J2,503-488-8488,"HALIFAX,"
2440,TRIMBLE EUROPE B.V.,SYMCOR,M3C 2H4,(800)222-8243,TORONTO
2441,TRINE FINANCIAL AND MORTGAGE,121 BROOMLANDS DR,L6A 2K3,647-939-5557,MAPLE
2442,TRINITY CONSTRUCTION/EMMETT CON..,6815 STEELES AVENUE WEST,M9V 4R9,416-536-3265,ETOBICOKE
2443,TRINITY CONTRACTING & CONSULTING,1 CARTWRIGHT BLVD,LAL 8J4,416-705-7870,WOODBRIDGE
2444,TRINITY POWER RENTALS,88-1301 KETCH COURT,V3K 6X7,(604)529-1134,COQUITLAM
2445,TRIO ROOFING SYSTEMS INC,5 WEST DR,L0T 4T2,(905)456-1688,"BRAMPTON,"
2446,TRIPLE T MECHANICS LTD,"275 BAIRD PLACE, P.O.BOX 43,","A1V 1W5,",709-424-2906,GANDER
2447,TRISHA VORA,91,LTA 4J7,647-978-6396,BRAMPTON
2448,TRI-TECH ELECTRICAL SERVICES LTD.,2318 CLARKE STREET,V3H 1Y8,(604)833-7849,PORT MOODY
2449,TRITON CANADA INC.,2235 SHEPPARD AVE E. Suite 1503,M2J 5B5,,TORONTO
2450,TRIUMPH ENVIRONMENTAL LTD.,"C/O REDBINS, 7 CONNIE ...",M6L,416-733-2467,TORONTO
2451,TROTEC LASER CANADA,10-1705 ARGENTIA RD,L5N 3A9,(888)391-1200,MISSISSAUGA
2452,TROY LIFE AND FIRE SAFETY LTD/PROT.,1042 2ND AVE E,N4K 2H7,(519)371-4747,OWEN SOUND
2453,TRUST MECHANICAL SOLUTIONS LTD.,25 FORRESTWOOD CRES,L0N 1C7,416-508-9442,HOLLAND LANDING
2454,Trustees Of Sheet Metal Workers.,45 Mcintosh Dr.,L3R 0N6,,Markham
2455,TSCC No.1703,1 KING STREET WEST.,M5H 1A1,416-548-8219,TORONTO
2456,Tubefit Inc.,260 Galaxy Blvd.,M9W 6J6,416-675-9929,Toronto
2457,TULSAR CANADA LTD,15 WORTHINGTON DRIVE,N3S 0H4,519-748-5055,BRANTFORD
2458,TURBO DISPOSAL & EXCAVATION LTD,3245 WHARTON WAY,L4X 2R9,905-602-4562,MISSISSAUGA
2459,TURGEON ELECTRICAL SERVICES.,14 ASH ST UNIT B,P5N 2C8,(705)335-6100,KAPUSKASING
2460,TURTLE NOTION ROBOTICS ACADEMY I...,,,,
2461,TUV SUD AMERICA INC.,22189,10087-2189,978-573-2500,NEW YORK
2462,TUV SUD CANADA ING,PO BOX 12076 C/U POSTAL STNA,MSW,905-715-7991,Toronto
2463,TWINCON ENTERPRISES LTD.,101-1850 CAMROSE STREET,"9E5,",778-476-8873,PENTICTON
2464,TYCO INTEGRATED FIRE & SECURITY (B.,"P O BOX 4484 STNA, 25 THE ES...",MSW,9052124600,TORONTO
2465,TYLER MATCHETT,115 IDEMA ROAD,L3R 1A9,,MARKHAM
2466,Local 401,"26 Caristrap Street, Unit 3",L1C 3Y7,9056231667,Bowmanville
2467,UA. Local 787 Health Trust Fund,"45 Mcintosh Drive,",L3R 8C7,(800)263-3564,Markham
2468,U13BB OSHAWA LADY GENS.,,,,
2469,UALOCAL 46 - BENEFIT TRUST FUND.,936 WARDEN AVE,M1L 4C5,(905)275-6411,TORONTO
2470,UA Local 527,225 Frobisher Drive,N2V 2G4,,Waterloo
2471,UA Local 527 Benefit Trust,"151 Frobisher Drive, Suite E220",N2V 2C9,,Waterloo
2472,UAP INC,"C/O T9603, PO",M5W 1P8,1-866-800-8389,TORONTO
2473,UCEL INC,24 ANDERSON BLVD,L0P 0C7,,UXBRIDGE
2474,Uline Canada Corporation,"Box 3500, RPO Street...",L5M,(180)029-5551,Mississauga
2475,ULTIMATE GENERAL CONTRACTING,28 IVORWOOD CRES,M1R 4B9,(416)770-6163,SCARBOROUGH
2476,UNDERWRITERS LABORATORIES OF CA.,7 UNDERWRITERS ROAD,M1R 3B4,613-755-2729,TORONTO
2477,UNION GAS/ENBRIDGE GAS INC.,50 KEILDRN,N7M 5M1,(888)774-3111,CHATHAM
2478,UNIONVILLE-MILLIKEN SOCCER CLUB,,,,
2479,UNIQUE DETECTION SERVICES LTD,155 TURNBULL COURT UNIT C,N1T 1C6,(519)624-0020,CAMBRIDGE
2480,UNITECH ELECTRICAL CONTRACTING INC.,"BAY 11, 700-58TH AVE SE",T2N 2E2,(403)255-2277,CALGARY Cc
2481,UNITED MESSENGERS LTD,270 DRUMLIN CIRCLE,L4K 3E2,(905)738-6447,CONCORD
2482,UNITED REFRIGERATION OF CANADA LTD,130 RIVIERA DR.,L3R 5M1,(905)479-1212,MARKHAM
2483,UNITED RENTALS OF CANADA INC,"C/O T52638, POBOX4...",M5W 5Z9,(780)462-4400,TORONTO
2484,UNITY CONNECTED SOLUTIONS INC.,450 HARRY WALKER PARKWAY SOUTH,L3Y 8E3,(866)718-6489,NEWMARKET
2485,UNIVERSAL ELECTRIC MOTORS/1279311...,6200 DIXIE ROAD UNIT 1,L5T 2E1,905-670-3380,MISSISSAUGA
2486,UNIVERSAL GREEN RECYCLING,"2651 AQUITAINE AVE, UNIT 61","L5N 1V5,",416-830-0614,MISSISSAUGA
2487,UPPER YORK ADMIRALS U10B,,,,
2488,UPS CANADA (BOX 4900),PO BOX 4900 STNA,MSW,(888)520-9090/888-592-,TORONTO
2489,UPS CANADA (CP689 QC),CP 689 STN ST-LAURENT,H4L 4Vv9,(800)203-8132,VILLE ST-LAURENT
2490,UPWARDLY MOBILE LIFTGATE & TRAILE.,700 ELDERBERRY DR,L1K 1X8,905-872-4468,OSHAWA
2491,UTILICON ENGINEERED PRECAST STRU...,B-285 DISSETTE ST,L3Z 3G9,9057788400,BRADFORD
2492,UTILITY RELAY COMPANY,10100 QUEENS WAY,00000,(440)708-1000,CHAGRIN FALLS O
2493,UTILITY STRUCTURES ING,61 BONGARD AVE,K2E 6V2,613-225-6398,NEPEAN
2494,UTS GROUP INC.,120 WOODSTREAM 12,L4L 721,(647)660-7469,WOODBRIDGE
2495,Vaisala Canada Inc.,"C/O V31033C, Po Box 13...",,800-683-8374,‘Vancouver
2496,VALARD CONSTRUCTION LP,209-4209 99 STREET,T6E 5V7,780-436-9876,EDMONTON
2497,VALLEY DELIVERY LTD,1056 FORREST LANE,K7V 3Z8,(613)432-4266,Renfew
2498,VALLEY PRO ELECTRIC.,"16990 HART HWY,",V2K 1W2,250-981-2979,PRINCE GEORGE
2499,VALLEY REFRIGERATION & AIR CONDITI,42 SEWELL ROAD,E7M 5C3,(506)325-2204,JACKSONVILLE
2500,VALLEY SCANNING AND LOCATES,P O BOX 267,K7C 3P4,613-880-1171,CARLETON PLACE
2501,VALLEY UTILITIES LTD,3364 CARP RD,K0A 1L0,6138390062,"CARP,"
2502,VALUTECH INC,10-3761 VICTORIA PARK AVENUE,M1W 382,416-238-6781,TORONTO
2503,VAN ISLE WASTE MANAGEMENT LTD.,1602-38 FRONT ST,V0R 0B5,250-734-3857,NANAIMO
2504,VANDEPAS WELDING LTD,9309 CON2 RR2,N0G 2E0,(519)848-6537,KENILWORTH
2505,VANOS INSULATIONS,643 RAILROAD ST,N0L 1W0,519-652-5427,MR.BRYDGES
2506,VARS MINOR SOFTBALL ASSOCIATION,,,,
2507,VARS VIPERS BLUE,,,,
2508,VARS VIPERS-CLUB OPTIMISTE DE VARS.,,,,
2509,VAUGHAN ELECTRICAL SUPPLY CO LTD,640 ROWNTREE DAIRY ROAD.,L4L 3J5,905-856-1900,WOODBRIDGE
2510,VCI Controls Inc VAUGHAN/DEXTERRA G.,"5925 AIRPORT ROAD, SUITE 1000",L4V 1W1,(905)850-4464,MISSISSAUGA
2511,VCM SOLUTIONS INC,165 ADMIRAL BLVD.,L5T 2T3,905-602-8952,MISSISSAUGA
2512,VEGREVILLE ELECTRICAL SERVICES (1...,"5321 - 50 STREET, BOX 1441",T9C 1A0,(780)632-3570,VEGREVILLE
2513,Venetor Equipment Rental Inc.,45 Oriole Ave,,310-LIFT,Stoney Creek
2514,VENTRI DOOR TECHNOLOGIES LTD,"730 SOUTH SERVICE RD, UNIT F5",L8E 5S7,905-643-4928,STONEY CREEK
2515,VENTURE STEEL INC,"GATSTEEL SERVICE CENTRE, 60 DISCO",M0W 1L8,416-798-9396,ETOBICOKE
2516,VERRAGE GLASS AND MIRROR INC,"VERRAGE GLASS AND MIRROR INCORPORA..., 155 RACC.",L4J 8X9,905-738-6565,THORNHILL
2517,VERTIV CANADA ULC,7-3800B LAIRD RD,L5L 0B2,(905)569-8282,MISSISSAUGA
2518,VETTED HVAC SERVICES LTD,46 MYRTLE AVE,S3N 1P5,306-782-4588,YORKTON
2519,VED SOLUTIONS INC,85 Heroux Devtek Drive,N3E 1A6,(519)880-9532,Cambridge
2520,VIANA ROOFING and SHEET METAL,74 ADVANCE RD,M8Z 2T7,4167632664,TORONTO
2521,VIBELUBE INC.,38 WIGSTON PLACE,L4J 8C6,437-562-5316,THORNHILL
2522,VIKING FIRE PROTECTION INC,1935 LIONEL BERTRAND BLVD,J7H 1M1,(855)430-7516,BOISBRIAND
2523,VINGRITY NDT & TECHNICAL INC,201-9403 63 AVE NW,T6E 0G2,780-800-6297,EDMONTON
2524,VINNY LAM CONSTRUCTION LTD,12418 85 ST NW,T5B 3H2,780-717-2906,EDMONTON
2525,VIPOND INC,6200 KENWAY DRIVE.,L5T 2N3,905-564-7060,MISSISSAUGA
2526,VIPOND SYSTEMS,6380 VIPOND DR.,L5T 1A1,(905)564-7060,MISSISAUGA
2527,VIRIDIAN AUTOMATION INC.,455 NORTH SERVICE ROAD EAST,L6H 1A5,(905)338-2201,OAKVILLE
2528,VISION AIR CONDIT AND HEAT COR,"VISION AIR CONDITIONING AND HEATING C., 54",K0A 2T0,613-234-9800,NORTH GOWER
2529,VISION ELECTRICAL LTD,"26 LUNDRIGAN DR, P.O.BOX 1...","A2H 6C3,",(709)634-0150,CORNER BROOK
2530,VITAL CLEANING SERVICES,34 MANOR GLEN CRES,L0G 1M0,(647)880-7448,MOUNT ALBERT
2531,VITAL SAFETY SERVICES,"6605273 CANADA INC., 6-2355 DE.",L5S 1V6,905-230-6388,MISSISSAUGA
2532,VITCOM FIRE & BUILDING SOLUTIONS INC,13-231 MILLWAY AVE,L4K 3W7,(905)669-3636,CONCORD
2533,VOLLMER INC,3822 SANDWICH ST,N0C 1C1,519-966-6100,WINDSOR
2534,VOYAGEUR SERVICES LIMITED,865 FAREWELL ST.T,L1N 6N8,905-721-0008,OSHAWA
2535,VRUTIA,,,,
2536,VULCAN ELECTRIC INC,205B KONRAD CRES,L3R 8T9,(905)513-1550,MARKHAM
2537,WW FINANCIAL SERVICES,777 BAYLY ST W,L1S 7G7,18006688224,AJAX
2538,VXV SOLUTIONS INC,6145-2100 BLOOR ST W,M6P 2R7,647-932-0788,Toronto
2539,WA ELECTRIC CONTROLS LTD,280 PERRY ST. UNIT 10,KQJ 2J4,705-742-2688,PETERBOROUGH
2540,WAG Q.A.SERVICES CANADA INC,5-420 ERB ST W SUITE 203,N2L 6K6,519-745-7137,WATERLOO
2541,"Wagner Enterprise, Inc.",70 W. Long...,,248-879-9000,Troy
2542,WAGNER UTILITIES AND INFRASTRUCT.,34 PADDISON PLACE,L0R 0J5,,ALLISTON
2543,Wainbee Limited,5789 Coopers Ave,L4Z 1Z5,1-888-924-6233,Mississauga
2544,WAJAX LIMITED/DELOM SERVICES,3280 WHARTON WAY,L4X 2G3,905-624-9610,MISSISSAUGA
2545,WALECO INC,5611 MCADAM ROAD,L4Z 1N4,905-712-4915,MISSISSAUGA
2546,WALKERS POINT MARINA (CAD),1035 MARINA RD,P1P 1R2,(705)687-7793,GRAVENHURST
2547,WALLYS SEALING AND PCH INC,124 MCGILL DR,L0B 1K0,905-725-1795,JANETVILLE
2548,Walterfedy Inc.,#111-675 Queen Street South,,519-576-2150,Kitchener
2549,WARD BROS.LOCKSMITHS INCORPORA...,3293 PIONEER RD,K0K 1C0,289-251-0514,BALTIMORE
2550,WARD CRANE RENTALS LIMITED,508 CENTENNIAL RD N,M1C 2A6,(416)284-6191,SCARBOROUGH
2551,WARNER LOCK SERVICE.,53 SCOTTSDALE ST,N6P 1P9,519-281-2283,LONDON
2552,WASAGA RESOURCE SERVICES INC,"P.0.BOX 20,950 RIVER ROAD WEST",L9Z 1A2,705-429-2517,WASAGA BEACH
2553,WASTE DIVERSION,3800 VICTORIA PARK AVE,M2H 3H7,(416)495-9914,TORONTO
2554,WASTE MANAGEMENT OF CANADA,P.O BOX 4205 STNA,M5W 5L4,(905)595-3330,TORONTO
2555,WATERLOO MANUFACTURING COMPANY,"505 DOTZERT COURT,UNIT 1",N2L 6A7,519-884-0600,WATERLOO
2556,WATERLOO NORTH HYDRO ING,526 COUNTRY SQUIRE RD,N2J 4G8,(519)885-6840,"WATERLOO,"
2557,WBAARCHITECTS AND ENGINEERS INC.,3-530 ROWNTREE DAIRY ROAD,L4L 8H2,905-851-0616,VAUGHAN
2558,WCB SASKATCHEWAN,200-1881 SCARTH ST,S4P 2C7,(800)667-7590,REGINA
2559,WEALDSTONE CONSULTING,15 GRANITE STREET,P1B 7W9,705-497-6078,NORTH BAY
2560,WEIDMANN ELECTRICAL TECHNOLOGY ..,13-919 FRASER DR,L7L 4X8,(905)632-8697,BURLINGTON
2561,WEINMANN LIMITED,211 COURTWRIGHT ST,L2A 2R9,(905)871-5710,FORT ERIE
2562,Weirfoulds LLP,"60 Wellington St W, Suite 4100",MS5K 1B7,,Toronto
2563,WEISHAUPT CORPORATION,2925 ARGENTIA ROAD,L5N 0G9,905-564-0946,MISSISSAUGA
2564,WELDING FIXTURE & EQ INC.,337 CASTLEHILL ROAD,L6A 1V9,647-918-9959,MAPLE
2565,Weldready,1989 Mumford Court,N6G 5L4,877-751-6178,London
2566,WELLFAB SERVICES LTD,155 DRUMLIN CIR UNIT 4,L4K 3E7,416-661-1048,CONCORD
2567,WELLINGTON PERFORATED SHEET,151 GREGSON COURT,N1M 2W8,519-843-5280,"FERGUS,"
2568,"WELLMARK ELECTRIC INC.,","655 INDUSTRIAL ROAD, U. 7,",N3H 5C9,(519)650-4495,CAMBRIDGE
2569,Welmor Electric Motor Service Inc.,371 Signet Dr.,,416-740-1445,Weston
2570,WESCO DISTRB CANADA REBATE,"WESCO DISTRIBUTION CANADA LP, 6170 BEL",L5R 468,(905)890-3344,MISSISSAUGA
2571,WESCO DISTRIBUTION CANADA LP,475 HOOD RD,L3R 0S8,(905)415-9495,MARKHAM
2572,WESCO DISTRIBUTION QUEBEC,,,,GATINEAU
2573,Wessels Company,101 Tank S...,,317-888-9800,Greenwood
2574,WESTARIO POWER INC,"24 EASTRIDGE ROAD, RR2",N0G 2V0,519-507-6937,WALKERTON
2575,WESTBURNE ONT DIV OF REXEL CANA,P.O. BOX 1220 STNB,L4Y 3W5,(905)712-4020,MISSISSAUGA
2576,WESTECH INDUSTRIAL LTD,5636 BURBANK CRES SE,T2H 1Z6,403-252-8803,CALGARY
2577,WESTERN OIL SERVICES (EASTERN) LTD,"250 SHIELDS COURT, UNIT 19",L3R 9SW7,(289)354-1154,MARKHAM
2578,Westoncore Contracting Inc.,14 Tondon Drive,,(416)743-5963,Toronto
2579,WEX CANADA LTD,"P.O. Box 57724, Post SinA",M5W 5M5,1-800-661-2278,Toronto
2580,WHA INDUSTRIES INC,4127-98TH STREET NW,T6E,780-465-7075,EDMONTON
2581,WHITBY EAGLES 2010,,,,
2582,WHITBY FC,,L1R 3H8,,Whitby
2583,WHITBY HYDRO ENERGY SERVICES,100 TAUNTON RD E. P O BOX 59.,L1N 5R8,(905)427-9481,WHITBY
2584,WHITBY WOLVES U13,,,,
2585,WHITE AND GREER COMPANY LTD,"151 AMBER STREET , UNIT 12",L3R 3B3,905-760-8734,MARKHAM
2586,WHITE CAP SUPPLY CANADA INC,"BRAFASCO, 100 GALC...",L4L,(888)558-6111,VAUGHAN
2587,WHITE OAK PAINTING LTD,218 SIMMONS BOULEVARD,L6V 3W4,647-803-0032,BRAMPTON
2588,WHITE PINE ELECTRIC LTD,360 MOONEY AVE,P7B 5R4,(807)345-6888,THUNDER BAY
2589,White Shark Ltd,36 Morse Street,M4M 2R9,416-363-7420,Toronto
2590,WICKENS DRY ICE BLASTING INC,836 SOUTHGATE DRIVE,N1G 3Y1,,GUELPH
2591,WIKA INSTRUMENTS LTD,1-2679 BRISTOL CIRCLE,L6H 6Z8,289-351-2041,OAKVILLE
2592,WILENE & ASSOCIATES SHEET METAL C...,210 ADVANCE BLVD,L6T 4J5,905-459-3634,"BRAMPTON,"
2593,WILLIAM RADTKE SHEET METAL LTD.,843 GUELPH ST,N2H 5Z2,(519)749-2790,KITCHENER
2594,WILLIAM WESLEY,77 Benshire Drive,M1H 1M4,,Toronto
2595,WILLIAMS &,"CHARTERED PROFESSIONAL ACCOUNTANT..., 675 COCH.",L3R 0B5,416-969-8166,MARKHAM
2596,WILLIAMS &,"675 COCHRANE DRIVE, EAST TOWER,",L3R 0B5,416-969-8166,MARKHAM
2597,WILLIAMS SCOTSMAN OF CDA INC.,155 WELLINGTON STREET WEST,M5V 3H6,800-456-1751,TORONTO
2598,WILLOWLEE SOD FARMS LIMITED,907 VICTORIA ROAD,K0K 1A0,613-966-0338,AMEILASBURG
2599,Willson Blanchard Management Inc,"16 Four Seasons Place, Suite 206",M9B 6E5,(416)642-2807,Toronto
2600,WILSON HIGH VOLTAGE SERVICES LTD,1271 GORHAM ST UNIT #9.,L3Y 8Y7,905-773-2400,NEWMARKET
2601,WILSON TOOL CANADA/EXACTA 2010 ULC,20 ECOPARK CLOSE,L6Z 0J9,905-840-2240,BRAMPTON
2602,‘WILSON TOOL CANADA/EXACTA TOOL 2...,5590 FINCH AVE E SUITE 4,M1B 171,905-812-9440,TORONTO
2603,WINDMILL TRUCK CAPS:,6899 WELLINGTON RD 7,N1M 1K4,(519)846-2345,ELORA
2604,WINDSOR PUMP CO LTD,5310 WALKER RD,N0R 1L0,519-737-6060,OLDCASTLE
2605,WINMAR CALGARY,11919 - 44TH STREET SE,T2Z 4G9,(403)294-0005,CALGARY
2606,WINMAR GATINEAU,"12750601 CANADA INC., 319 CHEMI...",J8R 0C6,819-643-9777,GATINEAU
2607,WINMAR MONTREAL QUEST (RIVE-SUD),604 - 9575 AVENUE ILLINOIS,J4Y 3A5,(450)545-0007,BROSSARD
2608,WINMAR PROPERTY RESTORATION SPE...,50 SHIELDS CRT,L3R 9T5,(416)213-8844,MARKHAM
2609,WIREX CONTROLS LTD,"9446 MCLAUGHLIN TD, N.# 27",L6X 4H9,905-459-0742,BRAMPTON
2610,WMC WATER MANAGEMENT CONSULTA.,108-2700 LANCASTER RD.,K1B 477,613-860-3962,OTTAWA
2611,WOLSELEY CANADA INC,880 LAURENTIAN DR.,L7N,(888)419-9969,BURLINTON
2612,WOODBINE BANQUET & CONVENTION,30 VICE REGENT BLVD,M9W 0B4,416-743-0003,ETOBICOKE
2613,WOODBRIDGE STONESLINGER (1994) LTD,3500 KING VAUGHAN ROAD.,L3L 0A2,905-833-0660,VAUGHAN
2614,WOODCRAFT INC,370 DENISON STREET,L3R 1B9,905-475-2488,MARKHAM
2615,Woodfield Canada Ltd,43 Shaft Road,M9W 1B3,888-565-5584,Toronto
2616,Woodham'S Combustion Inc.,1100 Invicta Dr. Unit 20,,905-469-0643,Oakville
2617,Woodstock Ford,1455 Dundas Street,N4T 0N2,519-537-5614,Woodstock
2618,Workers and Roofers Local 30,190 Milner Ave,M1S 5B6,,Scarborough
2619,Worker's Compensation Board,200 Front Street,M5V 3J1,(000)000-0000,Toronto
2620,WORKERS SAFETY & COMPENSATION C.,BOX 8888,"X1A2R3,",(800)661-0792,YELLOWKNIFE
2621,WORKPLACE SAFETY & INSURANCE BO...,AC #5056497 PO BOX 4115 STNA.,"MSW 2V3,",(416)344-2059,TORONTO
2622,WORKPLACE SAFETY & INSURANCE BO...,"AC #5056497, PO BOX 41","MSW 2V3,",(416)344-2059,TORONTO
2623,WORKPLACE SAFETY & INSURANCE BO...,"AC #4956604, PO BOX 41","MSW 2V3,",(416)344-2059,TORONTO
2624,WORKPLACE SAFETY & INSURANCE BO.,"AC #8030797, POBOX4...","MSW 2V3,",(416)344-2059,Toronto
2625,WORKPLACE SAFETY & INSURANCE BO...,"AC# 8417159, PO BOX 41","MSW 2V3,",(000)000-0000,TORONTO
2626,WORKPLACE SAFETY & INSURANCE BO.,"AC #1833413, POBOX4...","MSW 2V3,",(416)344-2059,TORONTO
2627,Workplace Safety & Insurance Board,"P.O. Box 4115, Station A",,,Toronto
2628,WORKPLACE SAFETY & PREVENTION S.,300-5110 CREEKBANK RD,L4W 0A1,(905)614-1400,MISSISSAUGA
2629,WORKPLACE SAFETY AND INSURANCE,"AC #8477789, PO BOX 41","MSW 2V3,",(000)000-0000,TORONTO
2630,WORKSAFE BC.,PO Box 9600 Stn Terminal,V6B 5J5,,‘Vancouver
2631,Workspace Group Inc.,248 Bridgeland Avenue,M6A 2Y6,416-222-6200,Toronto
2632,WR TRANSFORMATEURS INC,2961 RUE BRODEUR EST,J0E 2A0,(450)994-4249,ST-ALPHONSE DE
2633,WRIGHT'S ELECTRIC KENT LTD,650 GRAND AVE.EAST,N7L 1X6,519-352-8795,"CHATHAM,"
2634,WSP CANADA INC,"1600 RENE-LEVESEQUE BLVD. W, 11TH FLO...",H3H 1P9,905-723-2727,MONTREAL
2635,WURTH CANADA LIMITED,345 HANLON CREEK BLVD,N1C 0A1,4-800-263-5002,GUELPH
2636,XENEX ENTERPRISES INC,707-155 REXDALE BLVD,M9W 6T4,(416)740-9704,TORONTO
2637,XEROX CANADA LTD (BOX 4539),PO BOX 4539 STNA,"MSW 4P5,",(800)668-0199,TORONTO
2638,XL TOOL INC,19 CRESTVIEW PLACE,N2B 3X6,519-578-6951,KITCHENER
2639,XOEYE TECHNOLOGIES INC,PO BOX 121361,75312-1361,,DALLAS
2640,XRADAR CANADA INC,34-3045 SOUTHCREEK RD,L4xX 2E9,(416)476-8325,MISSISSAUGA
2641,XTEND A RACK INC,1195 STELLAR DRIVE UNIT 1,L3Y 7B8,705-447-3481,NEWMARKET
2642,YEMEN ELECTRIC,"499 O'BRIEN ROAD, UNITA",K7V 3Z3,(613)432-6593,RENFREW
2643,YORK REGIONAL OVERHEAD DOORS /8..,1777 KILLARNEY BEACH ROAD,L0L 1W0,705-456-6718,LEFROY
2644,Yorkland Controls Ltd,2693 Steeles Ave W.,M3J 2Z8,(416)661-3306,Downsview
2645,YPO MAPLE LEAF CHAPTER,231-366 ADELAIDE ST E,M5A 3X9,(416)868-0017,TORONTO
2646,YSE U18AAA,,,,
2647,YYZ FIBER LTD,250 BAYVIEW DR.UNIT # 4,LAN 4Y8,705-209-1219,BARRIE
2648,ZAGERMAN STEEL LTD,1509-900 MOUNT PLEASANT RD,M4P 3J9,(416)807-9377,TORONTO
2649,ZAPAS CORP,"8551 WESTON RD, UNIT # 9A.",L4L 9R4,905-264-2425,VAUGHAN
2650,ZAYO CANADA INC,"C/O T4622, P.O.BOX 4...",M5W 0J9,888-222-2045,TORONTO
2651,ZESTA ENGINEERING LTD,212 WATLINE AVENUE.,L4Z 1P4,905-568-3100,MISSISSAUGA
2652,ZOLTAN ENGINEERING INC.,"4380 SOUTH SERVICE ROAD, SUITE #25",L7L 5Y6,905-331-8307,BURLINGTON
2653,ZRW RESTORATION & WATERPROOFIN..,78 HILLTOP COURT.,N0B 2M1,519-616-0997,HEIDELBERG
